Provincia;Latitud;Longitud;Edad Aprox.;Sexo;Motivo Desaparción;Motivo Desaparción Obs.;Fecha Desaparición;Situación Actual;Fecha Localización
AZUAY;-2,9024543;-79,0028905;3;MUJER;SIN_DATO;;10/1/2024;DESAPARECIDO;SIN_DATO
EL ORO;-3,2610165;-79,9708185;12;MUJER;CAUSAS PERSONALES;CIRCUNSTANCIAL;1/1/2024;ENCONTRADO;3/1/2024
GUAYAS;-2,33695892;-79,40604541;14;MUJER;CAUSAS PERSONALES;CIRCUNSTANCIAL;14/1/2024;ENCONTRADO;16/1/2024
GUAYAS;-2,1327363;-79,5954587;13;MUJER;VIOLENCIA ;VIOLENCIA FÍSICA;29/1/2024;ENCONTRADO;30/1/2024
GUAYAS;-2,242258498;-79,63950637;14;MUJER;CAUSAS PERSONALES;CIRCUNSTANCIAL;26/1/2024;ENCONTRADO;3/2/2024
IMBABURA;0,2227898;-78,2623429;16;MUJER;CAUSAS PERSONALES;CIRCUNSTANCIAL;1/1/2024;ENCONTRADO;6/1/2024
MANABI;-1,064535401;-80,46702147;13;MUJER;CAUSAS PERSONALES;CIRCUNSTANCIAL;3/1/2024;ENCONTRADO;8/1/2024
SUCUMBIOS;0,072216083;-76,88166879;13;HOMBRE;SIN_DATO;SIN_DATO;29/1/2024;DESAPARECIDO;SIN_DATO
SUCUMBIOS;0,072216083;-76,88166879;13;MUJER;SIN_DATO;SIN_DATO;29/1/2024;DESAPARECIDO;SIN_DATO
PICHINCHA;-0,2188216;-78,5135489;16;HOMBRE;CAUSAS PERSONALES;CIRCUNSTANCIAL;9/1/2024;ENCONTRADO;22/1/2024
PICHINCHA;-0,13061747;-78,51243496;19;HOMBRE;CAUSAS PERSONALES;CIRCUNSTANCIAL;19/1/2024;ENCONTRADO;23/1/2024
PICHINCHA;-0,2257093;-78,5050269;15;MUJER;SIN_DATO;SIN_DATO;19/1/2024;DESAPARECIDO;SIN_DATO
PICHINCHA;-0,0426285;-78,4309824;15;MUJER;;SIN_DATO;15/1/2024;DESAPARECIDO;SIN_DATO
PICHINCHA;-0,247963;-78,582984;25;HOMBRE;CAUSAS SOCIALES;ALCOHOLISMO;27/1/2024;ENCONTRADO;20/2/2024
PICHINCHA;-0,187135527;-78,51342558;8;HOMBRE;CAUSAS SOCIALES;MIGRACIÓN /MOVILIDAD HUMANA;26/1/2024;ENCONTRADO;6/2/2024
GUAYAS;-2,114816954;-79,90317822;14;HOMBRE;SIN_DATO;SIN_DATO;28/1/2024;DESAPARECIDO;SIN_DATO
GUAYAS;-2,2402791;-79,9220686;2;MUJER;CAUSAS SOCIALES;DROGADICCIÓN;5/1/2024;ENCONTRADO;6/2/2024
GUAYAS;-2,2028553;-79,9116221;17;MUJER;CAUSAS PERSONALES;CIRCUNSTANCIAL;26/1/2024;ENCONTRADO;4/2/2024
ORELLANA;-0,4616728;-76,9931074;53;HOMBRE;CAUSAS PERSONALES;CIRCUNSTANCIAL;1/1/2024;ENCONTRADO;12/1/2024
ORELLANA;-0,502744952;-77,04250614;14;MUJER;CAUSAS PERSONALES;CIRCUNSTANCIAL;22/1/2024;ENCONTRADO;7/2/2024
ORELLANA;-0,68979332;-77,31204659;8;HOMBRE;CAUSAS PERSONALES;CIRCUNSTANCIAL;26/1/2024;ENCONTRADO;28/1/2024
AZUAY;-2,9184557;-79,0389464;15;MUJER;CAUSAS PERSONALES;CIRCUNSTANCIAL;2/1/2024;ENCONTRADO;4/1/2024
AZUAY;-2,9184557;-79,0389464;15;MUJER;CAUSAS PERSONALES;CIRCUNSTANCIAL;2/1/2024;ENCONTRADO;4/1/2024
AZUAY;-3,3365341;-79,0630932;44;HOMBRE;SIN_DATO;SIN_DATO;6/1/2024;DESAPARECIDO;SIN_DATO
AZUAY;-2,9001285;-79,0058965;11;MUJER;CAUSAS PERSONALES;CIRCUNSTANCIAL;2/1/2024;ENCONTRADO;6/1/2024
AZUAY;-2,863187;-78,964005;16;HOMBRE;CAUSAS ACADÉMICAS;ACADÉMICO/ESCOLAR (RENDIMIENTO);5/1/2024;ENCONTRADO;5/1/2024
AZUAY;-2,886385;-78,7759559;15;MUJER;CAUSAS PERSONALES;CIRCUNSTANCIAL;4/1/2024;ENCONTRADO;6/1/2024
AZUAY;-2,8828147;-78,9896972;15;MUJER;CAUSAS PERSONALES;CIRCUNSTANCIAL;3/1/2024;ENCONTRADO;11/1/2024
AZUAY;-2,8870218;-78,9641763;82;HOMBRE;CAUSAS PERSONALES;CIRCUNSTANCIAL;4/1/2024;ENCONTRADO;7/1/2024
AZUAY;-2,894921;-79,0504459;13;MUJER;CAUSAS PERSONALES;CIRCUNSTANCIAL;5/1/2024;ENCONTRADO;6/1/2024
AZUAY;-2,900145;-79,0059029;29;HOMBRE;SIN_DATO;SIN_DATO;5/1/2024;DESAPARECIDO;SIN_DATO
AZUAY;-2,9146632;-79,0275004;43;MUJER;CAUSAS PERSONALES;CIRCUNSTANCIAL;7/1/2024;ENCONTRADO;8/1/2024
AZUAY;-2,8910544;-78,997778;15;HOMBRE;CAUSAS PERSONALES;CIRCUNSTANCIAL;9/1/2024;ENCONTRADO;10/1/2024
AZUAY;-2,8927111;-79,0000608;13;MUJER;CAUSAS PERSONALES;CIRCUNSTANCIAL;8/1/2024;ENCONTRADO;9/1/2024
AZUAY;-2,8914004;-79,0182488;13;MUJER;CAUSAS PERSONALES;CIRCUNSTANCIAL;12/1/2024;ENCONTRADO;14/1/2024
AZUAY;-2,9541252;-78,9776912;66;HOMBRE;CAUSAS SOCIALES;ALCOHOLISMO;15/1/2024;ENCONTRADO;18/1/2024
AZUAY;-2,881175457;-79,05910732;85;HOMBRE;EXTRAVIADO - AUSENCIA TEMPORAL;ACCIDENTAL POR DESCUIDO  ;14/1/2024;ENCONTRADO;15/1/2024
AZUAY;-3,2106556;-79,2585058;17;MUJER;CAUSAS PERSONALES;CIRCUNSTANCIAL;4/1/2024;ENCONTRADO;19/1/2024
AZUAY;-2,8865396;-78,9778333;14;MUJER;CAUSAS PERSONALES;CIRCUNSTANCIAL;19/1/2024;ENCONTRADO;20/1/2024
AZUAY;-2,8865396;-78,9778333;15;MUJER;CAUSAS PERSONALES;CIRCUNSTANCIAL;19/1/2024;ENCONTRADO;20/1/2024
AZUAY;-2,7873716;-79,1774268;13;MUJER;CAUSAS PERSONALES;CIRCUNSTANCIAL;22/1/2024;ENCONTRADO;24/1/2024
AZUAY;-2,9001285;-79,0058965;39;MUJER;EXTRAVIADO - DISCAPACIDAD / ENFERMEDADES / TRASTORNOS;DISCAPACIDAD INTELECTUAL;21/1/2024;ENCONTRADO;24/1/2024
AZUAY;-2,9050465;-79,1774268;17;MUJER;CAUSAS PERSONALES;CIRCUNSTANCIAL;30/1/2024;ENCONTRADO;1/2/2024
AZUAY;-3,0510692;-78,7957856;12;MUJER;SIN_DATO;SIN_DATO;24/1/2024;DESAPARECIDO;SIN_DATO
AZUAY;-2,886385;-78,7759559;13;MUJER;CAUSAS PERSONALES;CIRCUNSTANCIAL;29/1/2024;ENCONTRADO;1/2/2024
AZUAY;-2,882944255;-79,04046665;14;MUJER;CAUSAS PERSONALES;CIRCUNSTANCIAL;27/1/2024;ENCONTRADO;29/1/2024
AZUAY;-2,9001285;-79,0058965;14;HOMBRE;CAUSAS PERSONALES;CIRCUNSTANCIAL;29/1/2024;ENCONTRADO;5/2/2024
AZUAY;-2,9001285;-79,0058965;13;MUJER;CAUSAS PERSONALES;CIRCUNSTANCIAL;31/1/2024;ENCONTRADO;1/2/2024
AZUAY;-2,9001285;-79,0058965;17;MUJER;CAUSAS PERSONALES;CIRCUNSTANCIAL;30/1/2024;ENCONTRADO;3/2/2024
AZUAY;-2,8934153;-78,9755484;24;HOMBRE;SIN_DATO;SIN_DATO;3/1/2024;DESAPARECIDO;
AZUAY;-2,88866;-78,9892373;34;HOMBRE;CAUSAS SOCIALES;ALCOHOLISMO;31/1/2024;ENCONTRADO;20/2/2024
BOLIVAR;-1,407313261;-79,02274339;20;MUJER;CAUSAS PERSONALES;CIRCUNSTANCIAL;2/1/2024;ENCONTRADO;11/1/2024
BOLIVAR;-1,815203412;-79,1050254;27;MUJER;EXTRAVIADO - DISCAPACIDAD / ENFERMEDADES / TRASTORNOS;DISCAPACIDAD PSICOSOCIAL ;8/1/2024;ENCONTRADO;12/1/2024
BOLIVAR;-1,815203412;-79,1050254;5;HOMBRE;CAUSAS PERSONALES;CIRCUNSTANCIAL;8/1/2024;ENCONTRADO;12/1/2024
BOLIVAR;-1,529838827;-79,01031281;13;MUJER;SIN_DATO;SIN_DATO;16/1/2024;DESAPARECIDO;SIN_DATO
BOLIVAR;-1,362534788;-78,97014025;33;MUJER;SIN_DATO;SIN_DATO;13/1/2024;DESAPARECIDO;SIN_DATO
BOLIVAR;-1,362534788;-78,97014025;11;MUJER;SIN_DATO;SIN_DATO;13/1/2024;DESAPARECIDO;SIN_DATO
BOLIVAR;-1,3005148;-78,9146798;16;MUJER;SIN_DATO;SIN_DATO;26/1/2024;DESAPARECIDO;SIN_DATO
CAÑAR;-2,4697509;-79,2976678;9;HOMBRE;SIN_DATO;SIN_DATO;20/1/2024;DESAPARECIDO;SIN_DATO
CAÑAR;-2,4697509;-79,2976678;16;MUJER;SIN_DATO;SIN_DATO;20/1/2024;DESAPARECIDO;SIN_DATO
CAÑAR;-2,737505385;-78,85048623;19;MUJER;CAUSAS PERSONALES;CIRCUNSTANCIAL;7/1/2024;ENCONTRADO;8/1/2024
CAÑAR;-2,581700254;-78,93890181;9;HOMBRE;CAUSAS ACADÉMICAS;ACADÉMICO/ESCOLAR (RENDIMIENTO);9/1/2024;ENCONTRADO;12/1/2024
CAÑAR;-2,713235246;-78,89121797;17;MUJER;VIOLENCIA ;VIOLENCIA FÍSICA;14/1/2024;ENCONTRADO;19/1/2024
CAÑAR;-2,797539088;-78,84952275;16;MUJER;EXTRAVIADO - AUSENCIA TEMPORAL;ACCIDENTAL POR DESCUIDO  ;23/1/2024;ENCONTRADO;24/1/2024
CAÑAR;-2,7361047;-78,84277181;38;HOMBRE;EXTRAVIADO - AUSENCIA TEMPORAL;ACCIDENTADO;28/1/2024;ENCONTRADO;31/1/2024
CARCHI;0,836509718;-77,70380349;15;HOMBRE;CAUSAS PERSONALES;CIRCUNSTANCIAL;3/1/2024;ENCONTRADO;6/1/2024
CARCHI;0,823851857;-77,68104334;20;HOMBRE;SIN_DATO;SIN_DATO;6/1/2024;DESAPARECIDO;SIN_DATO
CARCHI;0,819244241;-77,70728321;34;HOMBRE;CAUSAS SOCIALES;ALCOHOLISMO;15/1/2024;ENCONTRADO;19/1/2024
COTOPAXI;-1,0776763;-79,2451149;16;MUJER;CAUSAS PERSONALES;RELACIÓN AFECTIVA;27/1/2024;ENCONTRADO;11/2/2024
COTOPAXI;-0,934227355;-78,61451705;15;HOMBRE;CAUSAS PERSONALES;CIRCUNSTANCIAL;1/1/2024;ENCONTRADO;2/1/2024
COTOPAXI;-1,043622002;-78,59082699;13;MUJER;CAUSAS PERSONALES;CIRCUNSTANCIAL;2/1/2024;ENCONTRADO;3/1/2024
COTOPAXI;-0,933144859;-78,62416953;52;HOMBRE;CAUSAS SOCIALES;ALCOHOLISMO;5/1/2024;ENCONTRADO;7/1/2024
COTOPAXI;-0,8787945;-78,713608;15;MUJER;SIN_DATO;SIN_DATO;3/1/2024;DESAPARECIDO;SIN_DATO
COTOPAXI;-1,044938174;-78,59013615;17;MUJER;CAUSAS PERSONALES;CIRCUNSTANCIAL;6/1/2024;ENCONTRADO;9/1/2024
COTOPAXI;-0,932217272;-78,62206399;22;HOMBRE;CAUSAS PERSONALES;CIRCUNSTANCIAL;7/1/2024;ENCONTRADO;8/1/2024
COTOPAXI;-0,9411949;-79,2316042;14;MUJER;CAUSAS PERSONALES;CIRCUNSTANCIAL;9/1/2024;ENCONTRADO;15/1/2024
COTOPAXI;-0,940352174;-79,22824491;12;MUJER;SIN_DATO;SIN_DATO;8/1/2024;DESAPARECIDO;SIN_DATO
COTOPAXI;-0,93677681;-78,62089104;17;MUJER;CAUSAS PERSONALES;CIRCUNSTANCIAL;14/1/2024;ENCONTRADO;17/1/2024
COTOPAXI;-1,0483333;-78,4916667;67;MUJER;EXTRAVIADO - DISCAPACIDAD / ENFERMEDADES / TRASTORNOS;DISCAPACIDAD INTELECTUAL;14/1/2024;ENCONTRADO;27/1/2024
COTOPAXI;-0,864444481;-78,59164821;22;HOMBRE;CAUSAS SOCIALES;ROBO(ESCOPOLAMINA U OTRA DROGA ALUCINÓGENA ALTAMENTE TÓXICA);17/1/2024;ENCONTRADO;28/1/2024
COTOPAXI;-0,869927922;-78,60057672;15;HOMBRE;CAUSAS PERSONALES;CIRCUNSTANCIAL;18/1/2024;ENCONTRADO;20/1/2024
COTOPAXI;-0,940812435;-79,23642869;16;MUJER;SIN_DATO;SIN_DATO;16/1/2024;DESAPARECIDO;SIN_DATO
COTOPAXI;-0,940812435;-79,23642869;14;MUJER;SIN_DATO;SIN_DATO;16/1/2024;DESAPARECIDO;SIN_DATO
COTOPAXI;-0,932653388;-78,61730817;56;HOMBRE;SIN_DATO;SIN_DATO;1/1/2024;DESAPARECIDO;SIN_DATO
COTOPAXI;-0,9293932;-78,6249916;25;MUJER;CAUSAS SOCIALES;MIGRACIÓN /MOVILIDAD HUMANA;2/1/2024;ENCONTRADO;27/1/2024
COTOPAXI;-0,9293932;-78,6249916;4;MUJER;CAUSAS SOCIALES;MIGRACIÓN /MOVILIDAD HUMANA;2/1/2024;ENCONTRADO;27/1/2024
COTOPAXI;-0,779885056;-78,63757918;14;MUJER;CAUSAS PERSONALES;CIRCUNSTANCIAL;25/1/2024;ENCONTRADO;28/1/2024
COTOPAXI;-0,6826317;-78,6341996;60;MUJER;CAUSAS PERSONALES;CIRCUNSTANCIAL;27/1/2024;ENCONTRADO;8/2/2024
COTOPAXI;-0,784435268;-78,64473665;32;HOMBRE;CAUSAS PERSONALES;RELACIÓN AFECTIVA;25/1/2024;ENCONTRADO;10/2/2024
COTOPAXI;-0,9411949;-79,2316042;15;MUJER;CAUSAS SOCIALES;DROGADICCIÓN;31/1/2024;ENCONTRADO;20/2/2024
COTOPAXI;-0,9293228;-78,6020262;15;HOMBRE;CAUSAS PERSONALES;CIRCUNSTANCIAL;15/1/2024;ENCONTRADO;31/1/2024
COTOPAXI;-0,9411949;-79,2316042;16;MUJER;CAUSAS PERSONALES;CIRCUNSTANCIAL;22/1/2024;ENCONTRADO;31/1/2024
COTOPAXI;-0,9411949;-79,2316042;14;HOMBRE;CAUSAS PERSONALES;CIRCUNSTANCIAL;22/1/2024;ENCONTRADO;31/1/2024
COTOPAXI;-1,120951375;-79,16048991;;;;;;;SIN_DATO
COTOPAXI;-0,89564153;-78,61042867;2;MUJER;CAUSAS PERSONALES;CIRCUNSTANCIAL;23/1/2024;ENCONTRADO;1/2/2024
COTOPAXI;-0,89564153;-78,61042867;27;MUJER;CAUSAS PERSONALES;RELACIÓN AFECTIVA;23/1/2024;ENCONTRADO;14/2/2024
COTOPAXI;-0,89564153;-78,61042867;8;HOMBRE;CAUSAS PERSONALES;RELACIÓN AFECTIVA;23/1/2024;ENCONTRADO;8/2/2024
COTOPAXI;-0,944292133;-79,22533179;11;MUJER;CAUSAS PERSONALES;CIRCUNSTANCIAL;8/1/2024;ENCONTRADO;8/2/2024
CHIMBORAZO;-1,6628112;-78,6600387;16;HOMBRE;DISCRIMINACIÓN;ORIENTACIÓN SEXUAL E IDENTIDAD DE GÉNERO;20/1/2024;ENCONTRADO;16/2/2024
CHIMBORAZO;-1,672923885;-78,66993953;16;MUJER;CAUSAS PERSONALES;CIRCUNSTANCIAL;1/1/2024;ENCONTRADO;4/1/2024
CHIMBORAZO;-1,649837072;-78,60253615;13;MUJER;CAUSAS PERSONALES;CIRCUNSTANCIAL;4/1/2024;ENCONTRADO;4/1/2024
CHIMBORAZO;-1,6783246;-78,6436236;14;HOMBRE;CAUSAS PERSONALES;CIRCUNSTANCIAL;7/1/2024;ENCONTRADO;9/1/2024
CHIMBORAZO;-2,006482913;-78,98065925;15;HOMBRE;CAUSAS PERSONALES;CIRCUNSTANCIAL;1/1/2024;ENCONTRADO;29/1/2024
CHIMBORAZO;-1,63896185;-78,67767362;41;HOMBRE;CAUSAS PERSONALES;CIRCUNSTANCIAL;10/1/2024;ENCONTRADO;14/1/2024
CHIMBORAZO;-1,626136202;-78,80865915;17;HOMBRE;CAUSAS PERSONALES;CIRCUNSTANCIAL;14/1/2024;ENCONTRADO;15/1/2024
CHIMBORAZO;-1,6471028;-78,672083;24;MUJER;CAUSAS PERSONALES;CIRCUNSTANCIAL;3/1/2024;ENCONTRADO;5/1/2024
CHIMBORAZO;-1,6943845;-78,6284105;24;MUJER;CAUSAS PERSONALES;CIRCUNSTANCIAL;14/1/2024;ENCONTRADO;19/1/2024
CHIMBORAZO;-1,6523847;-78,6939622;12;HOMBRE;CAUSAS PERSONALES;CIRCUNSTANCIAL;18/1/2024;ENCONTRADO;19/1/2024
CHIMBORAZO;-1,6523847;-78,6939622;10;HOMBRE;CAUSAS PERSONALES;CIRCUNSTANCIAL;18/1/2024;ENCONTRADO;19/1/2024
CHIMBORAZO;-1,6523847;-78,6939622;9;HOMBRE;CAUSAS PERSONALES;CIRCUNSTANCIAL;18/1/2024;ENCONTRADO;19/1/2024
CHIMBORAZO;-1,682378917;-78,63615886;15;MUJER;CAUSAS PERSONALES;CIRCUNSTANCIAL;14/1/2024;ENCONTRADO;7/2/2024
CHIMBORAZO;-1,670617;-78,6525571;14;MUJER;CAUSAS PERSONALES;CIRCUNSTANCIAL;21/1/2024;ENCONTRADO;24/1/2024
CHIMBORAZO;-2,101801809;-78,69579002;15;MUJER;CAUSAS PERSONALES;CIRCUNSTANCIAL;22/1/2024;ENCONTRADO;27/1/2024
CHIMBORAZO;-1,662739413;-78,64628091;12;MUJER;CAUSAS PERSONALES;CIRCUNSTANCIAL;24/1/2024;ENCONTRADO;26/1/2024
CHIMBORAZO;-1,662739413;-78,64628091;13;HOMBRE;CAUSAS PERSONALES;CIRCUNSTANCIAL;24/1/2024;ENCONTRADO;28/1/2024
CHIMBORAZO;-1,67859462;-78,64429578;40;HOMBRE;CAUSAS PERSONALES;CIRCUNSTANCIAL;28/1/2024;ENCONTRADO;30/1/2024
CHIMBORAZO;-1,9372504;-78,7140798;3;HOMBRE;CAUSAS PERSONALES;CIRCUNSTANCIAL;30/1/2024;ENCONTRADO;1/2/2024
CHIMBORAZO;-1,9372504;-78,7140798;28;MUJER;CAUSAS PERSONALES;CIRCUNSTANCIAL;30/1/2024;ENCONTRADO;1/2/2024
CHIMBORAZO;-1,6449887;-78,6736618;13;HOMBRE;CAUSAS PERSONALES;CIRCUNSTANCIAL;29/1/2024;ENCONTRADO;3/2/2024
CHIMBORAZO;-1,5955679;-78,7640129;26;HOMBRE;CAUSAS PERSONALES;CIRCUNSTANCIAL;31/1/2024;ENCONTRADO;14/2/2024
CHIMBORAZO;-1,6650227;-78,6588786;29;MUJER;SIN_DATO;SIN_DATO;24/1/2024;DESAPARECIDO;SIN_DATO
CHIMBORAZO;-1,6650227;-78,6588786;8;HOMBRE;SIN_DATO;SIN_DATO;24/1/2024;DESAPARECIDO;SIN_DATO
CHIMBORAZO;-1,772840916;-78,76669962;16;MUJER;SIN_DATO;SIN_DATO;30/1/2024;DESAPARECIDO;SIN_DATO
EL ORO;-3,256594691;-79,97717636;15;MUJER;CAUSAS PERSONALES;CIRCUNSTANCIAL;1/1/2024;ENCONTRADO;4/1/2024
EL ORO;-3,723991638;-79,62478336;30;HOMBRE;SIN_DATO;SIN_DATO;11/1/2024;DESAPARECIDO;SIN_DATO
EL ORO;-3,237747315;-79,82650279;15;MUJER;SIN_DATO;SIN_DATO;16/1/2024;DESAPARECIDO;SIN_DATO
EL ORO;-3,1890774;-79,8555606;17;MUJER;CAUSAS PERSONALES;CIRCUNSTANCIAL;4/1/2024;ENCONTRADO;8/1/2024
EL ORO;-3,4572165;-79,9594745;16;MUJER;CAUSAS PERSONALES;CIRCUNSTANCIAL;1/1/2024;ENCONTRADO;11/1/2024
EL ORO;-3,271859735;-79,92452873;15;MUJER;CAUSAS PERSONALES;CIRCUNSTANCIAL;14/1/2024;ENCONTRADO;18/1/2024
EL ORO;-3,25822079;-79,95485902;16;MUJER;CAUSAS PERSONALES;CIRCUNSTANCIAL;17/1/2024;ENCONTRADO;20/1/2024
EL ORO;-3,25460503;-79,95465311;16;MUJER;CAUSAS PERSONALES;CIRCUNSTANCIAL;7/1/2024;ENCONTRADO;19/1/2024
EL ORO;-3,24819008;-79,93950203;26;HOMBRE;CAUSAS ECONÓMICAS;DEUDAS;17/1/2024;ENCONTRADO;24/1/2024
EL ORO;-3,279380105;-79,95795361;19;HOMBRE;CAUSAS ECONÓMICAS;DEUDAS;22/1/2024;ENCONTRADO;1/2/2024
EL ORO;-3,2677554;-80,0014727;30;HOMBRE;CAUSAS PERSONALES;CIRCUNSTANCIAL;18/1/2024;ENCONTRADO;2/2/2024
EL ORO;-3,314482832;-79,88975646;14;MUJER;SIN_DATO;SIN_DATO;26/1/2024;DESAPARECIDO;SIN_DATO
EL ORO;-3,278161509;-79,95298025;14;MUJER;CAUSAS PERSONALES;CIRCUNSTANCIAL;25/1/2024;ENCONTRADO;28/1/2024
EL ORO;-3,242826917;-79,93773245;13;MUJER;CAUSAS PERSONALES;CIRCUNSTANCIAL;27/1/2024;ENCONTRADO;30/1/2024
EL ORO;-3,266134535;-79,99714608;26;MUJER;CAUSAS PERSONALES;CIRCUNSTANCIAL;28/1/2024;ENCONTRADO;29/1/2024
EL ORO;-3,258196225;-79,98760924;51;HOMBRE;SIN_DATO;SIN_DATO;25/1/2024;DESAPARECIDO;SIN_DATO
EL ORO;-3,4593888;-79,9668308;18;MUJER;CAUSAS PERSONALES;CIRCUNSTANCIAL;24/1/2024;ENCONTRADO;27/1/2024
EL ORO;-3,260450971;-79,95557392;16;MUJER;CAUSAS PERSONALES;CIRCUNSTANCIAL;28/1/2024;ENCONTRADO;30/1/2024
EL ORO;-3,267315189;-79,94885731;37;MUJER;CAUSAS PERSONALES;CIRCUNSTANCIAL;23/1/2024;ENCONTRADO;31/1/2024
EL ORO;-3,267315189;-79,94885731;5;MUJER;CAUSAS PERSONALES;CIRCUNSTANCIAL;23/1/2024;ENCONTRADO;31/1/2024
EL ORO;-3,267315189;-79,94885731;9;HOMBRE;CAUSAS PERSONALES;CIRCUNSTANCIAL;23/1/2024;ENCONTRADO;31/1/2024
EL ORO;-3,267315189;-79,94885731;13;HOMBRE;CAUSAS PERSONALES;CIRCUNSTANCIAL;23/1/2024;ENCONTRADO;31/1/2024
EL ORO;-3,258453363;-79,86901078;14;MUJER;CAUSAS PERSONALES;CIRCUNSTANCIAL;28/1/2024;ENCONTRADO;31/1/2024
EL ORO;-3,3259044;-79,8056661;14;MUJER;CAUSAS PERSONALES;CIRCUNSTANCIAL;28/1/2024;ENCONTRADO;1/2/2024
EL ORO;-3,403652475;-79,80075795;13;MUJER;CAUSAS PERSONALES;CIRCUNSTANCIAL;31/1/2024;ENCONTRADO;4/2/2024
EL ORO;-3,403652475;-79,80075795;14;MUJER;CAUSAS PERSONALES;CIRCUNSTANCIAL;31/1/2024;ENCONTRADO;4/2/2024
EL ORO;-3,489229578;-80,22863555;15;MUJER;SIN_DATO;SIN_DATO;26/1/2024;DESAPARECIDO;SIN_DATO
ESMERALDAS;0,325288127;-79,47317785;14;MUJER;SIN_DATO;SIN_DATO;1/1/2024;DESAPARECIDO;SIN_DATO
ESMERALDAS;0,506613735;-80,02290129;15;MUJER;SIN_DATO;SIN_DATO;20/1/2024;DESAPARECIDO;SIN_DATO
ESMERALDAS;1,056344265;-79,44643021;16;MUJER;CAUSAS PERSONALES;RELACIÓN AFECTIVA;24/1/2024;ENCONTRADO;8/2/2024
ESMERALDAS;0,91454616;-79,70089668;17;MUJER;CAUSAS PERSONALES;RELACIÓN AFECTIVA;24/1/2024;ENCONTRADO;6/2/2024
ESMERALDAS;1,278981546;-78,83078285;31;HOMBRE;CAUSAS PERSONALES;CIRCUNSTANCIAL;2/1/2024;ENCONTRADO;11/1/2024
ESMERALDAS;0,905818683;-79,68777532;14;MUJER;CAUSAS PERSONALES;CIRCUNSTANCIAL;21/1/2024;ENCONTRADO;17/2/2024
ESMERALDAS;0,9681789;-79,6517202;22;MUJER;EXTRAVIADO - AUSENCIA TEMPORAL;ACCIDENTAL POR DESCUIDO  ;5/1/2024;ENCONTRADO;6/1/2024
ESMERALDAS;0,31534972;-79,42250499;14;MUJER;CAUSAS PERSONALES;RELACIÓN AFECTIVA;25/1/2024;ENCONTRADO;19/2/2024
ESMERALDAS;0,9681789;-79,6517202;14;MUJER;CAUSAS PERSONALES;CIRCUNSTANCIAL;3/1/2024;ENCONTRADO;9/1/2024
ESMERALDAS;0,95783;-78,880203;65;MUJER;SIN_DATO;SIN_DATO;6/1/2024;DESAPARECIDO;SIN_DATO
ESMERALDAS;0,9681789;-79,6517202;53;HOMBRE;FALLECIDO;MUERTE NATURAL;12/1/2024;FALLECIDO;17/1/2024
ESMERALDAS;0,925853417;-79,69672316;18;MUJER;CAUSAS PERSONALES;CIRCUNSTANCIAL;8/1/2024;ENCONTRADO;16/1/2024
ESMERALDAS;0,9667872;-79,6584369;32;HOMBRE;SIN_DATO;SIN_DATO;9/1/2024;DESAPARECIDO;SIN_DATO
ESMERALDAS;0,9730661;-79,6249446;37;MUJER;CAUSAS PERSONALES;RELACIÓN AFECTIVA;9/1/2024;ENCONTRADO;11/2/2024
ESMERALDAS;0,651158304;-79,53811986;16;HOMBRE;FALLECIDO;NO DETERMINADA;15/1/2024;FALLECIDO;18/1/2024
ESMERALDAS;0,9344358;-79,6740663;56;HOMBRE;CAUSAS PERSONALES;CIRCUNSTANCIAL;10/1/2024;ENCONTRADO;19/1/2024
ESMERALDAS;0,867408537;-79,84752566;14;MUJER;CAUSAS PERSONALES;CIRCUNSTANCIAL;18/1/2024;ENCONTRADO;2/2/2024
ESMERALDAS;0,984372908;-79,64729005;28;MUJER;CAUSAS PERSONALES;CIRCUNSTANCIAL;4/1/2024;ENCONTRADO;20/1/2024
ESMERALDAS;0,573336;-79,643631;12;MUJER;SIN_DATO;SIN_DATO;12/1/2024;DESAPARECIDO;SIN_DATO
ESMERALDAS;0,549535965;-79,56150768;23;HOMBRE;SIN_DATO;SIN_DATO;2/1/2024;DESAPARECIDO;SIN_DATO
ESMERALDAS;0,9203751;-79,6852904;28;HOMBRE;SIN_DATO;SIN_DATO;24/1/2024;DESAPARECIDO;SIN_DATO
ESMERALDAS;0,301252;-79,456555;39;HOMBRE;SIN_DATO;SIN_DATO;3/1/2024;DESAPARECIDO;SIN_DATO
ESMERALDAS;0,8680071;-79,8464804;19;MUJER;SIN_DATO;SIN_DATO;26/1/2024;DESAPARECIDO;SIN_DATO
ESMERALDAS;0,32213877;-79,47714079;20;HOMBRE;SIN_DATO;SIN_DATO;8/1/2024;DESAPARECIDO;SIN_DATO
ESMERALDAS;0,9297291;-79,6712601;15;HOMBRE;SIN_DATO;SIN_DATO;28/1/2024;DESAPARECIDO;SIN_DATO
ESMERALDAS;0,9297291;-79,6712601;15;HOMBRE;SIN_DATO;SIN_DATO;28/1/2024;DESAPARECIDO;SIN_DATO
ESMERALDAS;0,9681789;-79,6517202;16;MUJER;CAUSAS PERSONALES;CIRCUNSTANCIAL;30/1/2024;ENCONTRADO;30/1/2024
ESMERALDAS;0,315383272;-79,42394257;28;HOMBRE;FALLECIDO;NO DETERMINADA;27/1/2024;FALLECIDO;2/2/2024
ESMERALDAS;0,39311;-79,552272;73;MUJER;EXTRAVIADO - DISCAPACIDAD / ENFERMEDADES / TRASTORNOS;DISCAPACIDAD INTELECTUAL;30/1/2024;ENCONTRADO;1/2/2024
ESMERALDAS;0,907272929;-79,68287224;22;HOMBRE;SIN_DATO;SIN_DATO;30/1/2024;DESAPARECIDO;SIN_DATO
ESMERALDAS;0,133616778;-79,40282831;15;MUJER;CAUSAS PERSONALES;CIRCUNSTANCIAL;30/1/2024;ENCONTRADO;6/2/2024
ESMERALDAS;0,33117476;-79,46282149;18;HOMBRE;SIN_DATO;SIN_DATO;3/1/2024;DESAPARECIDO;SIN_DATO
ESMERALDAS;0,91174737;-78,54737433;23;HOMBRE;SIN_DATO;SIN_DATO;28/1/2024;DESAPARECIDO;SIN_DATO
ESMERALDAS;0,344159545;-79,53609109;16;HOMBRE;SIN_DATO;SIN_DATO;12/1/2024;DESAPARECIDO;SIN_DATO
GUAYAS;-2,1281155;-79,5900861;13;MUJER;VIOLENCIA ;VIOLENCIA FÍSICA;1/1/2024;ENCONTRADO;5/1/2024
GUAYAS;-2,6284683;-80,3895886;15;MUJER;CAUSAS PERSONALES;CIRCUNSTANCIAL;1/1/2024;ENCONTRADO;5/1/2024
GUAYAS;-2,1921861;-79,6077869;25;MUJER;CAUSAS PERSONALES;CIRCUNSTANCIAL;4/1/2024;ENCONTRADO;8/1/2024
GUAYAS;-1,819275;-80,239377;12;MUJER;CAUSAS PERSONALES;CIRCUNSTANCIAL;3/1/2024;ENCONTRADO;7/1/2024
GUAYAS;-2,109480191;-79,23803066;61;MUJER;EXTRAVIADO - DISCAPACIDAD / ENFERMEDADES / TRASTORNOS;DISCAPACIDAD SENSORIAL;2/1/2024;ENCONTRADO;16/1/2024
GUAYAS;-1,849510167;-79,81734491;14;MUJER;SIN_DATO;SIN_DATO;7/1/2024;DESAPARECIDO;SIN_DATO
GUAYAS;-2,667116728;-79,62942123;15;MUJER;CAUSAS PERSONALES;CIRCUNSTANCIAL;2/1/2024;ENCONTRADO;12/1/2024
GUAYAS;-2,6296414;-80,389177;25;HOMBRE;CAUSAS SOCIALES;DROGADICCIÓN;1/1/2024;ENCONTRADO;15/1/2024
GUAYAS;-2,33130384;-79,40285772;36;HOMBRE;EXTRAVIADO - DISCAPACIDAD / ENFERMEDADES / TRASTORNOS;DISCAPACIDAD FÍSICA;14/1/2024;ENCONTRADO;16/1/2024
GUAYAS;-2,33695892;-79,40604541;13;MUJER;CAUSAS PERSONALES;CIRCUNSTANCIAL;14/1/2024;ENCONTRADO;16/1/2024
GUAYAS;-2,538272737;-79,54991148;16;MUJER;CAUSAS PERSONALES;CIRCUNSTANCIAL;13/1/2024;ENCONTRADO;17/1/2024
GUAYAS;-1,831665;-79,824687;15;MUJER;CAUSAS PERSONALES;CIRCUNSTANCIAL;10/1/2024;ENCONTRADO;6/2/2024
GUAYAS;-1,866903;-79,982857;64;HOMBRE;FALLECIDO;ACCIDENTAL;20/1/2024;FALLECIDO;23/1/2024
GUAYAS;-2,178112198;-79,51670822;82;HOMBRE;EXTRAVIADO - DISCAPACIDAD / ENFERMEDADES / TRASTORNOS;DISCAPACIDAD INTELECTUAL;21/1/2024;ENCONTRADO;1/2/2024
GUAYAS;-2,12011338;-79,60740566;18;MUJER;CAUSAS PERSONALES;CIRCUNSTANCIAL;18/1/2024;ENCONTRADO;23/1/2024
GUAYAS;-1,763108;-79,791411;17;MUJER;CAUSAS PERSONALES;CIRCUNSTANCIAL;1/1/2024;ENCONTRADO;22/1/2024
GUAYAS;-2,120838212;-79,59439075;44;HOMBRE;CAUSAS PERSONALES;CIRCUNSTANCIAL;23/1/2024;ENCONTRADO;25/1/2024
GUAYAS;-2,1372529;-79,6085466;16;MUJER;CAUSAS PERSONALES;CIRCUNSTANCIAL;2/1/2024;ENCONTRADO;25/1/2024
GUAYAS;-2,6296414;-80,389177;15;HOMBRE;FALLECIDO;ACCIDENTAL;25/1/2024;FALLECIDO;26/1/2024
GUAYAS;-2,0991515;-79,688179;15;MUJER;SIN_DATO;SIN_DATO;27/1/2024;DESAPARECIDO;SIN_DATO
GUAYAS;-2,902583677;-79,7064969;14;MUJER;SIN_DATO;SIN_DATO;20/1/2024;DESAPARECIDO;SIN_DATO
GUAYAS;-2,909501381;-79,81343827;14;MUJER;CAUSAS PERSONALES;CIRCUNSTANCIAL;29/1/2024;ENCONTRADO;8/2/2024
GUAYAS;-2,912080369;-79,81832638;20;MUJER;CAUSAS PERSONALES;CIRCUNSTANCIAL;3/1/2024;ENCONTRADO;16/2/2024
IMBABURA;0,2314086;-78,257291;74;HOMBRE;EXTRAVIADO - DISCAPACIDAD / ENFERMEDADES / TRASTORNOS;DISCAPACIDAD SENSORIAL;15/1/2024;ENCONTRADO;18/1/2024
IMBABURA;0,3552973;-78,1250848;12;HOMBRE;EXTRAVIADO - AUSENCIA TEMPORAL;ACCIDENTAL POR DESCUIDO  ;18/1/2024;ENCONTRADO;19/1/2024
IMBABURA;0,3552973;-78,1250848;12;HOMBRE;EXTRAVIADO - AUSENCIA TEMPORAL;ACCIDENTAL POR DESCUIDO  ;18/1/2024;ENCONTRADO;19/1/2024
IMBABURA;0,3604953;-78,1372016;15;MUJER;CAUSAS PERSONALES;CIRCUNSTANCIAL;24/1/2024;ENCONTRADO;1/2/2024
IMBABURA;0,365292935;-78,13103199;15;MUJER;VIOLENCIA ;VIOLENCIA PSICOLÓGICA;29/1/2024;ENCONTRADO;1/2/2024
IMBABURA;0,229464;-78,2557201;13;MUJER;SIN_DATO;SIN_DATO;26/1/2024;DESAPARECIDO;SIN_DATO
IMBABURA;0,349408465;-78,11530367;52;HOMBRE;SIN_DATO;SIN_DATO;21/1/2024;DESAPARECIDO;SIN_DATO
LOJA;-3,992137251;-79,20662325;13;MUJER;CAUSAS PERSONALES;CIRCUNSTANCIAL;1/1/2024;ENCONTRADO;8/1/2024
LOJA;-3,982702127;-79,20939125;15;MUJER;CAUSAS PERSONALES;CIRCUNSTANCIAL;2/1/2024;ENCONTRADO;10/1/2024
LOJA;-3,843474348;-79,3429075;15;MUJER;CAUSAS PERSONALES;CIRCUNSTANCIAL;8/1/2024;ENCONTRADO;24/1/2024
LOJA;-4,015557841;-79,25003665;15;MUJER;CAUSAS PERSONALES;CIRCUNSTANCIAL;15/1/2024;ENCONTRADO;18/1/2024
LOJA;-4,00366919;-79,19965085;14;MUJER;CAUSAS PERSONALES;CIRCUNSTANCIAL;16/1/2024;ENCONTRADO;20/1/2024
LOJA;-4,019027454;-79,2033378;13;MUJER;CAUSAS PERSONALES;CIRCUNSTANCIAL;20/1/2024;ENCONTRADO;21/1/2024
LOJA;-3,990318864;-79,21152283;18;HOMBRE;CAUSAS SOCIALES;ALCOHOLISMO;26/1/2024;ENCONTRADO;30/1/2024
LOJA;-3,9931657;-79,2092153;16;MUJER;CAUSAS PERSONALES;CIRCUNSTANCIAL;31/1/2024;ENCONTRADO;4/2/2024
LOS RIOS;-0,8040948;-79,3540463;18;HOMBRE;EXTRAVIADO - DISCAPACIDAD / ENFERMEDADES / TRASTORNOS;DISCAPACIDAD INTELECTUAL;2/1/2024;ENCONTRADO;6/1/2024
LOS RIOS;-1,0225124;-79,4604035;14;MUJER;CAUSAS PERSONALES;CIRCUNSTANCIAL;4/1/2024;ENCONTRADO;7/1/2024
LOS RIOS;-1,184135;-79,506107;40;HOMBRE;SIN_DATO;SIN_DATO;1/1/2024;DESAPARECIDO;SIN_DATO
LOS RIOS;-1,802657945;-79,5182061;26;HOMBRE;FALLECIDO;HOMICIDIO ASESINATO;2/1/2024;FALLECIDO;21/1/2024
LOS RIOS;-1,806221785;-79,53563539;31;HOMBRE;CAUSAS PERSONALES;CIRCUNSTANCIAL;4/1/2024;ENCONTRADO;11/1/2024
LOS RIOS;-1,80269108;-79,52363085;39;HOMBRE;CAUSAS SOCIALES;DROGADICCIÓN;6/1/2024;ENCONTRADO;4/2/2024
LOS RIOS;-1,0642796;-79,453512;17;HOMBRE;CAUSAS PERSONALES;CIRCUNSTANCIAL;2/1/2024;ENCONTRADO;24/1/2024
LOS RIOS;-0,7781123;-79,5153773;12;MUJER;CAUSAS PERSONALES;CIRCUNSTANCIAL;1/1/2024;ENCONTRADO;29/1/2024
LOS RIOS;-1,802796011;-79,51389311;15;MUJER;SIN_DATO;SIN_DATO;12/1/2024;DESAPARECIDO;SIN_DATO
LOS RIOS;-1,795445194;-79,5336112;16;HOMBRE;CAUSAS SOCIALES;DROGADICCIÓN;16/1/2024;ENCONTRADO;6/2/2024
LOS RIOS;-0,9794356;-79,4084928;15;MUJER;CAUSAS PERSONALES;CIRCUNSTANCIAL;21/1/2024;ENCONTRADO;11/2/2024
LOS RIOS;-1,026570891;-79,45949783;40;MUJER;SIN_DATO;SIN_DATO;9/1/2024;DESAPARECIDO;SIN_DATO
LOS RIOS;-1,029566797;-79,456265;14;MUJER;CAUSAS PERSONALES;CIRCUNSTANCIAL;10/1/2024;ENCONTRADO;29/1/2024
LOS RIOS;-0,938774064;-79,35343266;14;MUJER;CAUSAS PERSONALES;CIRCUNSTANCIAL;25/1/2024;ENCONTRADO;9/2/2024
LOS RIOS;-1,062928465;-79,42880618;13;MUJER;CAUSAS PERSONALES;RELACIÓN AFECTIVA;29/1/2024;ENCONTRADO;9/2/2024
LOS RIOS;-1,443951583;-79,4648503;13;MUJER;CAUSAS PERSONALES;CIRCUNSTANCIAL;24/1/2024;ENCONTRADO;3/2/2024
LOS RIOS;-1,631198303;-79,55787276;47;MUJER;CAUSAS PERSONALES;CIRCUNSTANCIAL;14/1/2024;ENCONTRADO;4/2/2024
LOS RIOS;-1,801926;-79,5346459;24;HOMBRE;SIN_DATO;SIN_DATO;19/1/2024;DESAPARECIDO;SIN_DATO
LOS RIOS;-0,886114165;-79,49344394;14;MUJER;CAUSAS PERSONALES;CIRCUNSTANCIAL;28/1/2024;ENCONTRADO;9/2/2024
MANABI;-0,6995577;-80,0951007;22;HOMBRE;EXTRAVIADO - DISCAPACIDAD / ENFERMEDADES / TRASTORNOS;DISCAPACIDAD PSICOSOCIAL ;6/1/2024;ENCONTRADO;11/1/2024
MANABI;-0,625986281;-80,03015541;16;HOMBRE;CAUSAS PERSONALES;CIRCUNSTANCIAL;7/1/2024;ENCONTRADO;18/1/2024
MANABI;-1,058639647;-80,4823475;48;MUJER;SIN_DATO;SIN_DATO;14/1/2024;DESAPARECIDO;SIN_DATO
MANABI;-0,843775209;-80,53093872;52;HOMBRE;CAUSAS SOCIALES;"EXTORSIÓN (NUEVAS MODALIDADES ""VACUNA"") ";14/1/2024;ENCONTRADO;15/1/2024
MANABI;-0,843775209;-80,53093872;30;HOMBRE;CAUSAS SOCIALES;"EXTORSIÓN (NUEVAS MODALIDADES ""VACUNA"") ";14/1/2024;ENCONTRADO;15/1/2024
MANABI;-1,059586105;-80,44545893;21;MUJER;SIN_DATO;SIN_DATO;4/1/2024;DESAPARECIDO;SIN_DATO
MANABI;-1,025893386;-80,4935072;35;HOMBRE;CAUSAS SOCIALES;ROBO(ESCOPOLAMINA U OTRA DROGA ALUCINÓGENA ALTAMENTE TÓXICA);15/1/2024;ENCONTRADO;16/1/2024
MANABI;-0,278446;-80,034985;79;HOMBRE;SIN_DATO;SIN_DATO;14/1/2024;DESAPARECIDO;SIN_DATO
MANABI;-0,6186619;-80,4273644;52;HOMBRE;FALLECIDO;NO DETERMINADA;5/1/2024;FALLECIDO;9/2/2024
MANABI;-0,6967896;-80,0920786;14;MUJER;CAUSAS PERSONALES;CIRCUNSTANCIAL;17/1/2024;ENCONTRADO;27/1/2024
MANABI;-0,996899911;-80,73595292;15;MUJER;CAUSAS PERSONALES;CIRCUNSTANCIAL;22/1/2024;ENCONTRADO;25/1/2024
MANABI;-0,7140022;-80,109357;41;HOMBRE;CAUSAS PERSONALES;CIRCUNSTANCIAL;19/1/2024;ENCONTRADO;29/1/2024
MANABI;-0,599697353;-80,42330614;17;MUJER;SIN_DATO;SIN_DATO;26/1/2024;DESAPARECIDO;SIN_DATO
MANABI;-1,080447768;-80,45475841;13;MUJER;CAUSAS PERSONALES;CIRCUNSTANCIAL;31/1/2024;ENCONTRADO;1/2/2024
MORONA SANTIAGO;-2,5440386;-78,1792434;14;MUJER;CAUSAS PERSONALES;CIRCUNSTANCIAL;3/1/2024;ENCONTRADO;7/1/2024
MORONA SANTIAGO;-2,271691657;-78,08959901;16;MUJER;SIN_DATO;SIN_DATO;10/1/2024;DESAPARECIDO;SIN_DATO
MORONA SANTIAGO;-2,4566285;-78,1678439;15;MUJER;SIN_DATO;SIN_DATO;8/1/2024;DESAPARECIDO;SIN_DATO
MORONA SANTIAGO;-1,945869545;-78,00838717;44;HOMBRE;FALLECIDO;ACCIDENTAL;14/1/2024;FALLECIDO;21/1/2024
MORONA SANTIAGO;-2,300132;-78,1187388;15;MUJER;SIN_DATO;SIN_DATO;5/1/2024;DESAPARECIDO;SIN_DATO
MORONA SANTIAGO;-2,45602046;-78,16905854;16;MUJER;CAUSAS PERSONALES;CIRCUNSTANCIAL;19/1/2024;ENCONTRADO;26/1/2024
MORONA SANTIAGO;-2,455958;-78,172656;18;MUJER;SIN_DATO;SIN_DATO;22/1/2024;DESAPARECIDO;SIN_DATO
NAPO;-1,031838;-77,730957;14;MUJER;SIN_DATO;SIN_DATO;5/1/2024;DESAPARECIDO;SIN_DATO
NAPO;-0,9962972;-77,8136035;20;MUJER;CAUSAS PERSONALES;CIRCUNSTANCIAL;5/1/2024;ENCONTRADO;8/1/2024
NAPO;-0,994194043;-77,8112268;16;HOMBRE;DISCRIMINACIÓN;ORIENTACIÓN SEXUAL E IDENTIDAD DE GÉNERO;22/1/2024;ENCONTRADO;31/1/2024
NAPO;-0,98527114;-77,81889764;13;MUJER;CAUSAS PERSONALES;CIRCUNSTANCIAL;27/1/2024;ENCONTRADO;28/1/2024
PASTAZA;-1,486973342;-78,00863167;12;MUJER;CAUSAS PERSONALES;CIRCUNSTANCIAL;2/1/2024;ENCONTRADO;3/1/2024
PASTAZA;-1,74744498;-77,77554784;15;MUJER;CAUSAS PERSONALES;CIRCUNSTANCIAL;3/1/2024;ENCONTRADO;8/1/2024
PASTAZA;-1,481591238;-77,91819875;35;HOMBRE;EXTRAVIADO - AUSENCIA TEMPORAL;HOSPITALIZADO;3/1/2024;ENCONTRADO;6/1/2024
PASTAZA;-1,150402271;-76,9852906;74;HOMBRE;CAUSAS PERSONALES;CIRCUNSTANCIAL;3/1/2024;ENCONTRADO;5/1/2024
PASTAZA;-1,491686448;-78,06797196;15;HOMBRE;CAUSAS SOCIALES;DROGADICCIÓN;14/1/2024;ENCONTRADO;19/1/2024
PASTAZA;-1,510962118;-78,0030683;14;MUJER;CAUSAS PERSONALES;CIRCUNSTANCIAL;18/1/2024;ENCONTRADO;17/2/2024
PASTAZA;-1,491481441;-78,062291;13;MUJER;CAUSAS PERSONALES;CIRCUNSTANCIAL;26/1/2024;ENCONTRADO;6/2/2024
PASTAZA;-1,499880953;-78,06301487;14;MUJER;CAUSAS PERSONALES;CIRCUNSTANCIAL;26/1/2024;ENCONTRADO;7/2/2024
PASTAZA;-1,53287122;-77,99254417;15;HOMBRE;SIN_DATO;SIN_DATO;6/1/2024;DESAPARECIDO;SIN_DATO
PICHINCHA;0,0411016;-78,2077368;15;MUJER;CAUSAS ACADÉMICAS;ACADÉMICO/ESCOLAR (RENDIMIENTO);3/1/2024;ENCONTRADO;10/2/2024
PICHINCHA;0,0425351;-78,1458804;31;HOMBRE;EXTRAVIADO - AUSENCIA TEMPORAL;ACCIDENTAL POR DESCUIDO  ;6/1/2024;ENCONTRADO;8/1/2024
PICHINCHA;-0,4181156;-78,5149691;14;MUJER;CAUSAS SOCIALES;ALCOHOLISMO;6/1/2024;ENCONTRADO;10/1/2024
PICHINCHA;-0,346762783;-78,42795464;13;HOMBRE;CAUSAS ACADÉMICAS;ACADÉMICO/ESCOLAR (RENDIMIENTO);24/1/2024;ENCONTRADO;25/1/2024
PICHINCHA;-0,343732915;-78,44446459;14;HOMBRE;CAUSAS PERSONALES;CIRCUNSTANCIAL;30/1/2024;ENCONTRADO;1/2/2024
PICHINCHA;-0,3301626;-78,4510729;27;HOMBRE;EXTRAVIADO - DISCAPACIDAD / ENFERMEDADES / TRASTORNOS;DISCAPACIDAD INTELECTUAL;4/1/2024;ENCONTRADO;15/2/2024
PICHINCHA;-0,3329822;-78,4347925;17;MUJER;VIOLENCIA ;VIOLENCIA PSICOLÓGICA;1/1/2024;ENCONTRADO;8/2/2024
PICHINCHA;-0,3301626;-78,4510729;38;MUJER;CAUSAS PERSONALES;RELACIÓN AFECTIVA;20/1/2024;ENCONTRADO;14/2/2024
PICHINCHA;-0,3395201;-78,4380591;16;HOMBRE;CAUSAS ACADÉMICAS;ACADÉMICO/ESCOLAR (RENDIMIENTO);26/1/2024;ENCONTRADO;8/2/2024
PICHINCHA;-0,3428238;-78,454867;19;MUJER;CAUSAS PERSONALES;CIRCUNSTANCIAL;4/1/2024;ENCONTRADO;14/2/2024
TUNGURAHUA;-1,2666745;-78,6315332;14;MUJER;CAUSAS PERSONALES;RELACIÓN AFECTIVA;26/1/2024;ENCONTRADO;15/2/2024
TUNGURAHUA;-1,273640177;-78,61123687;20;HOMBRE;CAUSAS PERSONALES;CIRCUNSTANCIAL;2/1/2024;ENCONTRADO;5/1/2024
TUNGURAHUA;-1,3478776;-78,6696576;18;HOMBRE;CAUSAS PERSONALES;CIRCUNSTANCIAL;1/1/2024;ENCONTRADO;5/1/2024
TUNGURAHUA;-1,204716596;-78,53713989;17;MUJER;CAUSAS PERSONALES;CIRCUNSTANCIAL;14/1/2024;ENCONTRADO;17/1/2024
TUNGURAHUA;-1,259914415;-78,62091064;16;MUJER;CAUSAS PERSONALES;CIRCUNSTANCIAL;13/1/2024;ENCONTRADO;16/1/2024
TUNGURAHUA;-1,217255804;-78,68906021;60;HOMBRE;CAUSAS SOCIALES;ALCOHOLISMO;9/1/2024;ENCONTRADO;19/1/2024
TUNGURAHUA;-1,293956215;-78,63324655;10;MUJER;CAUSAS PERSONALES;CIRCUNSTANCIAL;18/1/2024;ENCONTRADO;22/1/2024
TUNGURAHUA;-1,244655;-78,62220287;16;MUJER;CAUSAS PERSONALES;CIRCUNSTANCIAL;22/1/2024;ENCONTRADO;24/1/2024
TUNGURAHUA;-1,245518145;-78,62985897;53;HOMBRE;CAUSAS PERSONALES;CIRCUNSTANCIAL;19/1/2024;ENCONTRADO;25/1/2024
TUNGURAHUA;-1,3278909;-78,5414156;15;HOMBRE;CAUSAS ACADÉMICAS;ACOSO ACADÉMICO/ESCOLAR;23/1/2024;ENCONTRADO;25/1/2024
TUNGURAHUA;-1,1364087;-78,5944718;52;HOMBRE;CAUSAS SOCIALES;ROBO(ESCOPOLAMINA U OTRA DROGA ALUCINÓGENA ALTAMENTE TÓXICA);23/1/2024;ENCONTRADO;26/1/2024
TUNGURAHUA;-1,316542162;-78,59561646;60;HOMBRE;CAUSAS PERSONALES;CIRCUNSTANCIAL;26/1/2024;ENCONTRADO;30/1/2024
TUNGURAHUA;-1,328980429;-78,54406741;43;HOMBRE;CAUSAS PERSONALES;CIRCUNSTANCIAL;23/1/2024;ENCONTRADO;29/1/2024
TUNGURAHUA;-1,246597622;-78,62386356;15;MUJER;CAUSAS PERSONALES;CIRCUNSTANCIAL;24/1/2024;ENCONTRADO;28/1/2024
TUNGURAHUA;-1,269356739;-78,61242419;46;HOMBRE;CAUSAS SOCIALES;ROBO(ESCOPOLAMINA U OTRA DROGA ALUCINÓGENA ALTAMENTE TÓXICA);26/1/2024;ENCONTRADO;29/1/2024
TUNGURAHUA;-1,232228607;-78,61685188;18;MUJER;CAUSAS PERSONALES;CIRCUNSTANCIAL;23/1/2024;ENCONTRADO;27/1/2024
TUNGURAHUA;-1,222874093;-78,66312325;47;HOMBRE;CAUSAS FAMILIARES;NO RELACIONADOS A VIOLENCIA;23/1/2024;ENCONTRADO;20/2/2024
TUNGURAHUA;-1,229975637;-78,62606894;23;MUJER;CAUSAS SOCIALES;ROBO(ESCOPOLAMINA U OTRA DROGA ALUCINÓGENA ALTAMENTE TÓXICA);31/1/2024;ENCONTRADO;2/2/2024
ZAMORA CHINCHIPE;-3,895050451;-78,77979011;21;HOMBRE;CAUSAS SOCIALES;ROBO(ESCOPOLAMINA U OTRA DROGA ALUCINÓGENA ALTAMENTE TÓXICA);1/1/2024;ENCONTRADO;9/1/2024
ZAMORA CHINCHIPE;-3,540574196;-78,53457155;14;MUJER;CAUSAS PERSONALES;CIRCUNSTANCIAL;5/1/2024;ENCONTRADO;9/1/2024
ZAMORA CHINCHIPE;-3,540574196;-78,53457155;13;HOMBRE;CAUSAS PERSONALES;CIRCUNSTANCIAL;5/1/2024;ENCONTRADO;9/1/2024
ZAMORA CHINCHIPE;-4,066491381;-78,94922409;15;HOMBRE;CAUSAS PERSONALES;CIRCUNSTANCIAL;7/1/2024;ENCONTRADO;19/2/2024
SUCUMBIOS;-0,213371208;-76,74400637;16;MUJER;CAUSAS FAMILIARES;NO RELACIONADOS A VIOLENCIA;5/1/2024;ENCONTRADO;15/2/2024
SUCUMBIOS;0,066147341;-76,8754567;17;HOMBRE;CAUSAS PERSONALES;CIRCUNSTANCIAL;10/1/2024;ENCONTRADO;13/1/2024
SUCUMBIOS;0,098373221;-76,89338309;14;MUJER;CAUSAS PERSONALES;CIRCUNSTANCIAL;10/1/2024;ENCONTRADO;13/1/2024
SUCUMBIOS;0,072556929;-76,89222142;15;MUJER;CAUSAS PERSONALES;CIRCUNSTANCIAL;12/1/2024;ENCONTRADO;29/1/2024
SUCUMBIOS;0,097833876;-77,23172604;17;MUJER;CAUSAS PERSONALES;CIRCUNSTANCIAL;14/1/2024;ENCONTRADO;19/1/2024
SUCUMBIOS;0,097833876;-77,23172604;9;MUJER;CAUSAS PERSONALES;CIRCUNSTANCIAL;14/1/2024;ENCONTRADO;19/1/2024
SUCUMBIOS;0,104002123;-76,89391285;32;HOMBRE;SIN_DATO;SIN_DATO;13/1/2024;DESAPARECIDO;SIN_DATO
SUCUMBIOS;-0,4116475;-76,6253865;16;MUJER;CAUSAS PERSONALES;CIRCUNSTANCIAL;8/1/2024;ENCONTRADO;22/1/2024
SUCUMBIOS;0,066028942;-77,21623201;61;HOMBRE;FALLECIDO;ACCIDENTAL;18/1/2024;FALLECIDO;2/2/2024
SUCUMBIOS;0,071843746;-76,89523174;40;HOMBRE;CAUSAS PERSONALES;CIRCUNSTANCIAL;26/1/2024;ENCONTRADO;2/2/2024
SUCUMBIOS;-0,412731123;-76,62545823;47;MUJER;CAUSAS FAMILIARES;NO RELACIONADOS A VIOLENCIA;29/1/2024;ENCONTRADO;5/2/2024
SUCUMBIOS;-0,064668607;-76,87539068;59;MUJER;SIN_DATO;SIN_DATO;24/1/2024;DESAPARECIDO;SIN_DATO
SANTO DOMINGO DE LOS TSACHILAS;-0,2567827;-79,2181753;14;MUJER;CAUSAS PERSONALES;CIRCUNSTANCIAL;3/1/2024;ENCONTRADO;4/1/2024
SANTO DOMINGO DE LOS TSACHILAS;-0,2428602;-79,161878;17;MUJER;CAUSAS PERSONALES;CIRCUNSTANCIAL;1/1/2024;ENCONTRADO;10/1/2024
SANTO DOMINGO DE LOS TSACHILAS;-0,1457955;-79,3958273;23;HOMBRE;SIN_DATO;SIN_DATO;2/1/2024;DESAPARECIDO;SIN_DATO
SANTO DOMINGO DE LOS TSACHILAS;-0,6408579;-79,2300984;26;HOMBRE;FALLECIDO;HOMICIDIO;5/1/2024;FALLECIDO;8/1/2024
SANTO DOMINGO DE LOS TSACHILAS;-0,2261509;-79,1656785;15;MUJER;CAUSAS PERSONALES;CIRCUNSTANCIAL;5/1/2024;ENCONTRADO;23/1/2024
SANTO DOMINGO DE LOS TSACHILAS;-0,275964355;-79,19205369;14;MUJER;CAUSAS PERSONALES;CIRCUNSTANCIAL;11/1/2024;ENCONTRADO;14/1/2024
SANTO DOMINGO DE LOS TSACHILAS;-0,2634574;-79,1892682;14;MUJER;CAUSAS PERSONALES;CIRCUNSTANCIAL;12/1/2024;ENCONTRADO;25/1/2024
SANTO DOMINGO DE LOS TSACHILAS;-0,4065073;-79,3028933;36;HOMBRE;FALLECIDO;ACCIDENTAL;8/1/2024;FALLECIDO;9/1/2024
SANTO DOMINGO DE LOS TSACHILAS;-0,2563202;-79,2118707;17;MUJER;CAUSAS PERSONALES;RELACIÓN AFECTIVA;23/1/2024;ENCONTRADO;4/2/2024
SANTO DOMINGO DE LOS TSACHILAS;-0,258843018;-79,18106318;16;MUJER;CAUSAS FAMILIARES;NO RELACIONADOS A VIOLENCIA;28/1/2024;ENCONTRADO;3/2/2024
SANTO DOMINGO DE LOS TSACHILAS;-0,2521882;-79,1879383;15;MUJER;CAUSAS PERSONALES;CIRCUNSTANCIAL;23/1/2024;ENCONTRADO;20/2/2024
SANTO DOMINGO DE LOS TSACHILAS;-0,2529412;-79,1498637;14;MUJER;CAUSAS FAMILIARES;NO RELACIONADOS A VIOLENCIA;29/1/2024;ENCONTRADO;18/2/2024
SANTO DOMINGO DE LOS TSACHILAS;-0,2568834;-79,1694267;66;MUJER;CAUSAS PERSONALES;CIRCUNSTANCIAL;26/1/2024;ENCONTRADO;19/2/2024
SANTO DOMINGO DE LOS TSACHILAS;-0,2313345;-79,1730018;13;MUJER;CAUSAS PERSONALES;CIRCUNSTANCIAL;29/1/2024;ENCONTRADO;30/1/2024
SANTO DOMINGO DE LOS TSACHILAS;-0,311983;-79,0284839;14;MUJER;CAUSAS PERSONALES;CIRCUNSTANCIAL;31/1/2024;ENCONTRADO;9/2/2024
SANTO DOMINGO DE LOS TSACHILAS;-0,054894768;-79,44428054;15;MUJER;CAUSAS PERSONALES;CIRCUNSTANCIAL;26/1/2024;ENCONTRADO;7/2/2024
SANTA ELENA;-2,205658534;-80,97113277;14;HOMBRE;SIN_DATO;SIN_DATO;28/1/2024;DESAPARECIDO;SIN_DATO
SANTA ELENA;-2,315262722;-80,88290268;15;MUJER;CAUSAS PERSONALES;CIRCUNSTANCIAL;1/1/2024;ENCONTRADO;4/1/2024
SANTA ELENA;-2,233435326;-80,90164661;15;HOMBRE;CAUSAS PERSONALES;CIRCUNSTANCIAL;3/1/2024;ENCONTRADO;5/1/2024
SANTA ELENA;-2,233435326;-80,90164661;16;MUJER;CAUSAS PERSONALES;CIRCUNSTANCIAL;6/1/2024;ENCONTRADO;10/1/2024
SANTA ELENA;-1,75957;-80,768945;53;HOMBRE;FALLECIDO;ACCIDENTAL;3/1/2024;FALLECIDO;7/1/2024
SANTA ELENA;-2,1418933;-80,777117;66;MUJER;EXTRAVIADO - DISCAPACIDAD / ENFERMEDADES / TRASTORNOS;DISCAPACIDAD INTELECTUAL;21/1/2024;ENCONTRADO;23/1/2024
SANTA ELENA;-2,1418933;-80,777117;29;HOMBRE;SIN_DATO;SIN_DATO;20/1/2024;DESAPARECIDO;SIN_DATO
SANTA ELENA;-2,245414;-80,913445;30;HOMBRE;SIN_DATO;SIN_DATO;15/1/2024;DESAPARECIDO;SIN_DATO
SANTA ELENA;-2,239631399;-80,8514501;15;HOMBRE;CAUSAS PERSONALES;CIRCUNSTANCIAL;29/1/2024;ENCONTRADO;30/1/2024
SANTA ELENA;-2,223328622;-80,87584716;17;HOMBRE;CAUSAS PERSONALES;CIRCUNSTANCIAL;28/1/2024;ENCONTRADO;2/2/2024
PICHINCHA;-0,312168246;-78,56217228;12;MUJER;CAUSAS PERSONALES;RELACIÓN AFECTIVA;24/1/2024;ENCONTRADO;13/2/2024
PICHINCHA;-0,2331962;-78,5323021;15;MUJER;CAUSAS FAMILIARES;NO RELACIONADOS A VIOLENCIA;17/1/2024;ENCONTRADO;13/2/2024
PICHINCHA;-0,261110073;-78,52005883;31;HOMBRE;SIN_DATO;SIN_DATO;6/1/2024;DESAPARECIDO;SIN_DATO
PICHINCHA;-0,268789827;-78,54053021;14;MUJER;CAUSAS PERSONALES;CIRCUNSTANCIAL;31/1/2024;ENCONTRADO;6/2/2024
PICHINCHA;-0,3086002;-78,5618265;14;HOMBRE;SIN_DATO;SIN_DATO;29/1/2024;DESAPARECIDO;SIN_DATO
PICHINCHA;-0,1263109;-78,4860723;61;HOMBRE;CAUSAS PERSONALES;CIRCUNSTANCIAL;2/1/2024;ENCONTRADO;2/1/2024
PICHINCHA;-0,1380411;-78,479912;81;HOMBRE;CAUSAS PERSONALES;CIRCUNSTANCIAL;2/1/2024;ENCONTRADO;3/1/2024
PICHINCHA;-0,2468332;-78,496022;28;HOMBRE;FALLECIDO;NO DETERMINADA;2/1/2024;FALLECIDO;16/1/2024
PICHINCHA;-0,1923022;-78,4790649;49;HOMBRE;SIN_DATO;SIN_DATO;17/1/2024;DESAPARECIDO;SIN_DATO
PICHINCHA;-0,2188216;-78,5135489;38;HOMBRE;CAUSAS PERSONALES;CIRCUNSTANCIAL;3/1/2024;ENCONTRADO;24/1/2024
PICHINCHA;-0,128928314;-78,51448059;28;MUJER;SIN_DATO;SIN_DATO;23/1/2024;DESAPARECIDO;SIN_DATO
PICHINCHA;-0,2468332;-78,496022;16;HOMBRE;CAUSAS PERSONALES;CIRCUNSTANCIAL;2/1/2024;ENCONTRADO;17/1/2024
PICHINCHA;-0,2550856;-78,5528123;30;HOMBRE;CAUSAS PERSONALES;CIRCUNSTANCIAL;1/1/2024;ENCONTRADO;4/1/2024
PICHINCHA;-0,291484096;-78,56121792;30;MUJER;SIN_DATO;SIN_DATO;18/1/2024;DESAPARECIDO;SIN_DATO
PICHINCHA;-0,291484096;-78,56121792;6;HOMBRE;SIN_DATO;SIN_DATO;18/1/2024;DESAPARECIDO;SIN_DATO
PICHINCHA;-0,291484096;-78,56121792;9;HOMBRE;SIN_DATO;SIN_DATO;18/1/2024;DESAPARECIDO;SIN_DATO
PICHINCHA;-0,2277852;-78,4855568;15;HOMBRE;CAUSAS PERSONALES;CIRCUNSTANCIAL;4/1/2024;ENCONTRADO;6/1/2024
PICHINCHA;-0,2523434;-78,5228883;37;HOMBRE;FALLECIDO;NO DETERMINADA;3/1/2024;FALLECIDO;4/1/2024
PICHINCHA;-0,0903553;-78,5192298;13;HOMBRE;CAUSAS SOCIALES;DROGADICCIÓN;4/1/2024;ENCONTRADO;6/1/2024
PICHINCHA;-0,2179066;-78,4922176;1;MUJER;EXTRAVIADO - DISCAPACIDAD / ENFERMEDADES / TRASTORNOS;DISCAPACIDAD PSICOSOCIAL ;3/1/2024;ENCONTRADO;9/1/2024
PICHINCHA;-0,2179066;-78,4922176;24;MUJER;EXTRAVIADO - DISCAPACIDAD / ENFERMEDADES / TRASTORNOS;DISCAPACIDAD PSICOSOCIAL ;3/1/2024;ENCONTRADO;9/1/2024
PICHINCHA;-0,2885069;-78,5317666;7;HOMBRE;CAUSAS PERSONALES;CIRCUNSTANCIAL;4/1/2024;ENCONTRADO;5/1/2024
PICHINCHA;-0,29463161;-78,56267357;21;HOMBRE;SIN_DATO;SIN_DATO;3/1/2024;DESAPARECIDO;SIN_DATO
PICHINCHA;-0,1237482;-78,4985018;19;HOMBRE;CAUSAS PERSONALES;CIRCUNSTANCIAL;5/1/2024;ENCONTRADO;6/1/2024
PICHINCHA;-0,190617;-78,4972512;83;MUJER;EXTRAVIADO - DISCAPACIDAD / ENFERMEDADES / TRASTORNOS;DISCAPACIDAD PSICOSOCIAL ;6/1/2024;ENCONTRADO;6/1/2024
PICHINCHA;-0,30643018;-78,56256922;18;HOMBRE;CAUSAS PERSONALES;CIRCUNSTANCIAL;2/1/2024;ENCONTRADO;5/1/2024
PICHINCHA;0,142941722;-78,76672559;17;MUJER;SIN_DATO;SIN_DATO;5/1/2024;DESAPARECIDO;SIN_DATO
PICHINCHA;-0,1287339;-78,514259;15;MUJER;SIN_DATO;SIN_DATO;4/1/2024;DESAPARECIDO;SIN_DATO
PICHINCHA;-0,085353224;-78,46917808;56;HOMBRE;CAUSAS PERSONALES;CIRCUNSTANCIAL;6/1/2024;ENCONTRADO;7/1/2024
PICHINCHA;-0,093984562;-78,45105171;13;MUJER;CAUSAS ACADÉMICAS;ACADÉMICO/ESCOLAR (RENDIMIENTO);7/1/2024;ENCONTRADO;10/1/2024
PICHINCHA;-0,307007347;-78,5015495;85;MUJER;EXTRAVIADO - DISCAPACIDAD / ENFERMEDADES / TRASTORNOS;DISCAPACIDAD PSICOSOCIAL ;5/1/2024;ENCONTRADO;20/1/2024
PICHINCHA;-0,281506592;-78,54091744;18;MUJER;CAUSAS PERSONALES;CIRCUNSTANCIAL;8/1/2024;ENCONTRADO;9/1/2024
PICHINCHA;-0,0839886;-78,5087676;14;MUJER;CAUSAS PERSONALES;CIRCUNSTANCIAL;9/1/2024;ENCONTRADO;16/1/2024
PICHINCHA;-0,3086002;-78,5618265;35;HOMBRE;SIN_DATO;SIN_DATO;16/1/2024;DESAPARECIDO;SIN_DATO
PICHINCHA;-0,2631073;-78,5292255;40;HOMBRE;CAUSAS SOCIALES;ALCOHOLISMO;6/1/2024;ENCONTRADO;11/1/2024
PICHINCHA;-0,2697362;-78,5414634;15;MUJER;CAUSAS PERSONALES;CIRCUNSTANCIAL;8/1/2024;ENCONTRADO;10/1/2024
PICHINCHA;-0,2560428;-78,5447922;20;HOMBRE;CAUSAS PERSONALES;CIRCUNSTANCIAL;5/1/2024;ENCONTRADO;9/1/2024
PICHINCHA;-0,209149;-78,4986485;13;MUJER;CAUSAS PERSONALES;CIRCUNSTANCIAL;7/1/2024;ENCONTRADO;11/1/2024
PICHINCHA;-0,2671402;-78,5367609;39;HOMBRE;CAUSAS SOCIALES;ROBO(ESCOPOLAMINA U OTRA DROGA ALUCINÓGENA ALTAMENTE TÓXICA);10/1/2024;ENCONTRADO;10/1/2024
PICHINCHA;-0,2550856;-78,5528123;19;MUJER;EXTRAVIADO - DISCAPACIDAD / ENFERMEDADES / TRASTORNOS;DISCAPACIDAD INTELECTUAL;9/1/2024;ENCONTRADO;11/1/2024
PICHINCHA;-0,2856211;-78,5650431;39;HOMBRE;CAUSAS PERSONALES;CIRCUNSTANCIAL;10/1/2024;ENCONTRADO;15/1/2024
PICHINCHA;-0,245266;-78,5234903;15;MUJER;CAUSAS ACADÉMICAS;ACADÉMICO/ESCOLAR (RENDIMIENTO);11/1/2024;ENCONTRADO;11/1/2024
PICHINCHA;-0,3155929;-78,5659376;15;HOMBRE;CAUSAS PERSONALES;CIRCUNSTANCIAL;3/1/2024;ENCONTRADO;9/1/2024
PICHINCHA;-0,2924362;-78,5220701;32;HOMBRE;CAUSAS SOCIALES;ROBO(ESCOPOLAMINA U OTRA DROGA ALUCINÓGENA ALTAMENTE TÓXICA);10/1/2024;ENCONTRADO;12/1/2024
PICHINCHA;-0,2797677;-78,5149691;17;MUJER;CAUSAS PERSONALES;CIRCUNSTANCIAL;4/1/2024;ENCONTRADO;12/1/2024
PICHINCHA;-0,2181048;-78,5126719;34;HOMBRE;CAUSAS SOCIALES;ALCOHOLISMO;12/1/2024;ENCONTRADO;13/1/2024
PICHINCHA;-0,3069491;-78,5018999;40;HOMBRE;CAUSAS SOCIALES;ALCOHOLISMO;12/1/2024;ENCONTRADO;15/1/2024
PICHINCHA;-0,1054104;-78,5133372;25;HOMBRE;CAUSAS PERSONALES;CIRCUNSTANCIAL;15/1/2024;ENCONTRADO;18/1/2024
PICHINCHA;-0,2726816;-78,5238191;20;MUJER;CAUSAS SOCIALES;ALCOHOLISMO;15/1/2024;ENCONTRADO;16/1/2024
PICHINCHA;-0,295973606;-78,54964326;16;MUJER;CAUSAS PERSONALES;CIRCUNSTANCIAL;8/1/2024;ENCONTRADO;12/1/2024
PICHINCHA;-0,2178568;-78,4852702;41;HOMBRE;CAUSAS PERSONALES;CIRCUNSTANCIAL;14/1/2024;ENCONTRADO;17/1/2024
PICHINCHA;-0,2550856;-78,5528123;27;HOMBRE;CAUSAS PERSONALES;CIRCUNSTANCIAL;3/1/2024;ENCONTRADO;15/1/2024
PICHINCHA;-0,2949217;-78,5628897;81;MUJER;FALLECIDO;NO DETERMINADA;13/1/2024;FALLECIDO;29/1/2024
PICHINCHA;-0,3085631;-78,5277506;23;MUJER;CAUSAS FAMILIARES;NO RELACIONADOS A VIOLENCIA;7/1/2024;ENCONTRADO;30/1/2024
PICHINCHA;-0,0813919;-78,476133;14;MUJER;CAUSAS PERSONALES;CIRCUNSTANCIAL;19/1/2024;ENCONTRADO;21/1/2024
PICHINCHA;-0,125122281;-78,36061586;54;HOMBRE;CAUSAS PERSONALES;CIRCUNSTANCIAL;19/1/2024;ENCONTRADO;20/1/2024
PICHINCHA;-0,1577503;-78,438969;20;MUJER;CAUSAS PERSONALES;CIRCUNSTANCIAL;15/1/2024;ENCONTRADO;20/1/2024
PICHINCHA;-0,29024791;-78,55086456;12;HOMBRE;CAUSAS PERSONALES;CIRCUNSTANCIAL;20/1/2024;ENCONTRADO;20/1/2024
PICHINCHA;-0,25702783;-78,55332522;28;HOMBRE;CAUSAS PERSONALES;CIRCUNSTANCIAL;20/1/2024;ENCONTRADO;20/1/2024
PICHINCHA;-0,257319539;-78,5419035;15;MUJER;CAUSAS PERSONALES;CIRCUNSTANCIAL;20/1/2024;ENCONTRADO;21/1/2024
PICHINCHA;-0,162925507;-78,48023315;13;MUJER;CAUSAS PERSONALES;CIRCUNSTANCIAL;20/1/2024;ENCONTRADO;24/1/2024
PICHINCHA;-0,195078086;-78,50828294;16;MUJER;CAUSAS PERSONALES;CIRCUNSTANCIAL;14/1/2024;ENCONTRADO;22/1/2024
PICHINCHA;-0,3086002;-78,5618265;13;HOMBRE;SIN_DATO;SIN_DATO;7/1/2024;DESAPARECIDO;SIN_DATO
PICHINCHA;-0,1211514;-78,4628426;16;HOMBRE;CAUSAS PERSONALES;CIRCUNSTANCIAL;21/1/2024;ENCONTRADO;27/1/2024
PICHINCHA;-0,1181102;-78,4404961;77;MUJER;SIN_DATO;SIN_DATO;20/1/2024;DESAPARECIDO;SIN_DATO
PICHINCHA;-0,2739251;-78,4776339;26;MUJER;SIN_DATO;SIN_DATO;13/1/2024;DESAPARECIDO;SIN_DATO
PICHINCHA;-0,1670362;-78,3187871;29;HOMBRE;CAUSAS SOCIALES;Grupos Delictivos Organizados/GDOS/PANDILLAS/MAFIAS/CARTELES;22/1/2024;ENCONTRADO;23/1/2024
PICHINCHA;-0,2142238;-78,5107083;10;MUJER;CAUSAS PERSONALES;CIRCUNSTANCIAL;22/1/2024;ENCONTRADO;22/1/2024
PICHINCHA;-0,2142238;-78,5107083;12;HOMBRE;CAUSAS PERSONALES;CIRCUNSTANCIAL;22/1/2024;ENCONTRADO;22/1/2024
PICHINCHA;-2,42E-01;-78,5277506;23;HOMBRE;CAUSAS SOCIALES;ALCOHOLISMO;20/1/2024;ENCONTRADO;23/1/2024
PICHINCHA;-0,2113598;-78,5213601;71;HOMBRE;SIN_DATO;SIN_DATO;15/1/2024;DESAPARECIDO;SIN_DATO
PICHINCHA;-0,224564693;-78,51671219;55;MUJER;EXTRAVIADO - DISCAPACIDAD / ENFERMEDADES / TRASTORNOS;DISCAPACIDAD INTELECTUAL;23/1/2024;ENCONTRADO;24/1/2024
PICHINCHA;-0,203444141;-78,44110171;15;MUJER;CAUSAS PERSONALES;CIRCUNSTANCIAL;12/1/2024;ENCONTRADO;25/1/2024
PICHINCHA;-0,338706445;-78,37499769;13;MUJER;SIN_DATO;SIN_DATO;20/1/2024;DESAPARECIDO;SIN_DATO
PICHINCHA;-0,29953457;-78,53284758;29;HOMBRE;SIN_DATO;SIN_DATO;3/1/2024;DESAPARECIDO;SIN_DATO
PICHINCHA;-0,3091382;-78,5627244;15;HOMBRE;CAUSAS PERSONALES;CIRCUNSTANCIAL;8/1/2024;ENCONTRADO;5/2/2024
PICHINCHA;-0,29911;-78,5728277;22;MUJER;CAUSAS PERSONALES;CIRCUNSTANCIAL;20/1/2024;ENCONTRADO;27/1/2024
PICHINCHA;-0,2986188;-78,4809055;84;HOMBRE;EXTRAVIADO - AUSENCIA TEMPORAL;HOSPITALIZADO;21/1/2024;ENCONTRADO;25/1/2024
PICHINCHA;-0,1624968;-78,4740182;16;MUJER;CAUSAS PERSONALES;CIRCUNSTANCIAL;24/1/2024;ENCONTRADO;25/1/2024
PICHINCHA;-0,3375648;-78,4812373;17;MUJER;CAUSAS PERSONALES;CIRCUNSTANCIAL;22/1/2024;ENCONTRADO;28/1/2024
PICHINCHA;-0,0940492;-78,4510101;87;MUJER;SIN_DATO;SIN_DATO;24/1/2024;DESAPARECIDO;SIN_DATO
PICHINCHA;-0,1181102;-78,4404961;88;MUJER;EXTRAVIADO - DISCAPACIDAD / ENFERMEDADES / TRASTORNOS;DISCAPACIDAD INTELECTUAL;26/1/2024;ENCONTRADO;27/1/2024
PICHINCHA;-0,1580217;-78,4727994;52;HOMBRE;CAUSAS SOCIALES;DETENCIÓN ;26/1/2024;ENCONTRADO;27/1/2024
PICHINCHA;-0,2006288;-78,5023889;22;MUJER;CAUSAS SOCIALES;ROBO(ESCOPOLAMINA U OTRA DROGA ALUCINÓGENA ALTAMENTE TÓXICA);26/1/2024;ENCONTRADO;27/1/2024
PICHINCHA;-0,092638095;-78,44958723;15;MUJER;CAUSAS SOCIALES;Grupos Delictivos Organizados/GDOS/PANDILLAS/MAFIAS/CARTELES;13/1/2024;ENCONTRADO;20/2/2024
PICHINCHA;-0,327644;-78,5673547;70;HOMBRE;CAUSAS SOCIALES;ROBO(ESCOPOLAMINA U OTRA DROGA ALUCINÓGENA ALTAMENTE TÓXICA);24/1/2024;ENCONTRADO;1/2/2024
PICHINCHA;-0,0915446;-78,5120547;13;MUJER;VIOLENCIA ;VIOLENCIA PSICOLÓGICA;22/1/2024;ENCONTRADO;26/1/2024
PICHINCHA;-0,24411;-78,5163894;14;MUJER;CAUSAS PERSONALES;CIRCUNSTANCIAL;20/1/2024;ENCONTRADO;26/1/2024
PICHINCHA;-0,1407541;-78,4794568;30;HOMBRE;SIN_DATO;SIN_DATO;26/1/2024;DESAPARECIDO;SIN_DATO
PICHINCHA;-0,2590715;-78,5291706;43;HOMBRE;SIN_DATO;SIN_DATO;23/1/2024;DESAPARECIDO;SIN_DATO
PICHINCHA;-0,1644228;-78,4634641;35;MUJER;EXTRAVIADO - DISCAPACIDAD / ENFERMEDADES / TRASTORNOS;DISCAPACIDAD INTELECTUAL;28/1/2024;ENCONTRADO;31/1/2024
PICHINCHA;-0,1856471;-78,5152689;32;HOMBRE;CAUSAS PERSONALES;CIRCUNSTANCIAL;20/1/2024;ENCONTRADO;5/2/2024
PICHINCHA;-0,129442;-78,5105978;22;HOMBRE;CAUSAS PERSONALES;CIRCUNSTANCIAL;29/1/2024;ENCONTRADO;30/1/2024
PICHINCHA;-0,3185168;-78,5506073;13;MUJER;SIN_DATO;SIN_DATO;29/1/2024;DESAPARECIDO;SIN_DATO
PICHINCHA;-0,3518086;-78,5525987;16;MUJER;CAUSAS PERSONALES;CIRCUNSTANCIAL;29/1/2024;ENCONTRADO;30/1/2024
PICHINCHA;-0,1088383;-78,4297196;14;MUJER;CAUSAS PERSONALES;CIRCUNSTANCIAL;27/1/2024;ENCONTRADO;5/2/2024
PICHINCHA;-0,188956;-78,5078677;51;HOMBRE;CAUSAS SOCIALES;ROBO(ESCOPOLAMINA U OTRA DROGA ALUCINÓGENA ALTAMENTE TÓXICA);30/1/2024;ENCONTRADO;31/1/2024
PICHINCHA;-0,176791805;-78,48549868;35;HOMBRE;CAUSAS SOCIALES;ROBO(ESCOPOLAMINA U OTRA DROGA ALUCINÓGENA ALTAMENTE TÓXICA);30/1/2024;ENCONTRADO;1/2/2024
PICHINCHA;-0,261031678;-78,51960897;16;MUJER;CAUSAS PERSONALES;CIRCUNSTANCIAL;30/1/2024;ENCONTRADO;1/2/2024
PICHINCHA;-0,0795398;-78,4485114;21;HOMBRE;CAUSAS PERSONALES;CIRCUNSTANCIAL;29/1/2024;ENCONTRADO;6/2/2024
PICHINCHA;-0,1267887;-78,4976399;17;MUJER;CAUSAS PERSONALES;CIRCUNSTANCIAL;26/1/2024;ENCONTRADO;7/2/2024
PICHINCHA;-0,2067003;-78,4827866;17;HOMBRE;CAUSAS PERSONALES;CIRCUNSTANCIAL;31/1/2024;ENCONTRADO;9/2/2024
PICHINCHA;-0,2636744;-78,4882479;15;MUJER;CAUSAS PERSONALES;CIRCUNSTANCIAL;21/1/2024;ENCONTRADO;31/1/2024
PICHINCHA;-0,1487946;-78,5064473;14;MUJER;CAUSAS PERSONALES;CIRCUNSTANCIAL;27/1/2024;ENCONTRADO;6/2/2024
PICHINCHA;-0,2204251;-78,52499;16;MUJER;CAUSAS PERSONALES;CIRCUNSTANCIAL;21/1/2024;ENCONTRADO;5/2/2024
PICHINCHA;-0,287574514;-78,5422039;16;MUJER;SIN_DATO;SIN_DATO;20/1/2024;DESAPARECIDO;SIN_DATO
PICHINCHA;-0,2320259;-78,3369554;14;MUJER;SIN_DATO;SIN_DATO;25/1/2024;DESAPARECIDO;SIN_DATO
PICHINCHA;-0,2868053;-78,4393578;16;MUJER;SIN_DATO;SIN_DATO;1/1/2024;DESAPARECIDO;SIN_DATO
PICHINCHA;-0,2856211;-78,5650431;15;MUJER;SIN_DATO;SIN_DATO;4/1/2024;DESAPARECIDO;SIN_DATO
PICHINCHA;-0,220124;-78,512081;39;HOMBRE;CAUSAS SOCIALES;DROGADICCIÓN;25/1/2024;ENCONTRADO;19/2/2024
PICHINCHA;-0,250002771;-78,50399025;16;MUJER;SIN_DATO;SIN_DATO;14/1/2024;DESAPARECIDO;SIN_DATO
PICHINCHA;-0,2354932;-78,5227802;40;HOMBRE;SIN_DATO;SIN_DATO;15/1/2024;DESAPARECIDO;SIN_DATO
PICHINCHA;-0,245266;-78,5234903;1;HOMBRE;CAUSAS FAMILIARES;NO RELACIONADOS A VIOLENCIA;31/1/2024;ENCONTRADO;9/2/2024
PICHINCHA;-0,258038457;-78,51619412;26;MUJER;SIN_DATO;SIN_DATO;25/1/2024;DESAPARECIDO;SIN_DATO
PICHINCHA;-0,2987692;-78,5227802;14;MUJER;CAUSAS PERSONALES;CIRCUNSTANCIAL;27/1/2024;ENCONTRADO;5/2/2024
GUAYAS;-2,0988723;-79,9542438;38;HOMBRE;FALLECIDO;ASESINATO;1/1/2024;FALLECIDO;29/1/2024
GUAYAS;-2,2402791;-79,9220686;29;HOMBRE;EXTRAVIADO - AUSENCIA TEMPORAL;ACCIDENTADO;2/1/2024;ENCONTRADO;1/2/2024
GUAYAS;-2,1138988;-79,899003;20;MUJER;CAUSAS PERSONALES;CIRCUNSTANCIAL;1/1/2024;ENCONTRADO;21/2/2024
GUAYAS;-2,2372629;-79,9241673;26;MUJER;VIOLENCIA ;VIOLENCIA PSICOLÓGICA;1/1/2024;ENCONTRADO;17/1/2024
GUAYAS;-2,1735445;-79,8838475;54;HOMBRE;CAUSAS SOCIALES;ALCOHOLISMO;1/1/2024;ENCONTRADO;23/1/2024
GUAYAS;-2,1894128;-79,8890662;16;MUJER;CAUSAS PERSONALES;CIRCUNSTANCIAL;5/1/2024;ENCONTRADO;10/1/2024
GUAYAS;-2,22386616;-79,93892537;14;MUJER;CAUSAS PERSONALES;CIRCUNSTANCIAL;4/1/2024;ENCONTRADO;19/1/2024
GUAYAS;-2,063751235;-79,89113974;70;HOMBRE;CAUSAS SOCIALES;ROBO(ESCOPOLAMINA U OTRA DROGA ALUCINÓGENA ALTAMENTE TÓXICA);8/1/2024;ENCONTRADO;9/1/2024
GUAYAS;-2,255547065;-79,9011632;14;MUJER;CAUSAS PERSONALES;CIRCUNSTANCIAL;6/1/2024;ENCONTRADO;23/1/2024
GUAYAS;-2,1065825;-79,9709385;26;HOMBRE;CAUSAS SOCIALES;DROGADICCIÓN;5/1/2024;ENCONTRADO;21/1/2024
GUAYAS;-2,168974;-79,8397207;25;HOMBRE;SIN_DATO;SIN_DATO;10/1/2024;DESAPARECIDO;SIN_DATO
GUAYAS;-2,710949;-80,2516473;27;HOMBRE;SIN_DATO;SIN_DATO;20/1/2024;DESAPARECIDO;SIN_DATO
GUAYAS;-2,165157705;-79,79474871;10;HOMBRE;SIN_DATO;SIN_DATO;7/1/2024;DESAPARECIDO;SIN_DATO
GUAYAS;-2,2402791;-79,9220686;24;HOMBRE;SIN_DATO;SIN_DATO;9/1/2024;DESAPARECIDO;SIN_DATO
GUAYAS;-2,2402791;-79,9220686;29;HOMBRE;SIN_DATO;SIN_DATO;9/1/2024;DESAPARECIDO;SIN_DATO
GUAYAS;-2,2402791;-79,9220686;35;HOMBRE;SIN_DATO;SIN_DATO;9/1/2024;DESAPARECIDO;SIN_DATO
GUAYAS;-2,133111337;-79,93408004;34;HOMBRE;CAUSAS PERSONALES;CIRCUNSTANCIAL;8/1/2024;ENCONTRADO;22/1/2024
GUAYAS;-2,087184;-79,9886896;14;MUJER;SIN_DATO;SIN_DATO;9/1/2024;DESAPARECIDO;SIN_DATO
GUAYAS;-2,194132968;-79,92007455;14;MUJER;CAUSAS PERSONALES;CIRCUNSTANCIAL;6/1/2024;ENCONTRADO;16/1/2024
GUAYAS;-2,283761278;-79,88570442;16;HOMBRE;CAUSAS SOCIALES;Grupos Delictivos Organizados/GDOS/PANDILLAS/MAFIAS/CARTELES;5/1/2024;ENCONTRADO;4/2/2024
GUAYAS;-2,20239189;-79,91658756;22;HOMBRE;CAUSAS PERSONALES;CIRCUNSTANCIAL;8/1/2024;ENCONTRADO;18/1/2024
GUAYAS;-2,2840098;-79,8847104;15;MUJER;CAUSAS PERSONALES;CIRCUNSTANCIAL;12/1/2024;ENCONTRADO;25/1/2024
GUAYAS;-2,1284925;-79,9064859;25;MUJER;CAUSAS SOCIALES;ROBO(ESCOPOLAMINA U OTRA DROGA ALUCINÓGENA ALTAMENTE TÓXICA);12/1/2024;ENCONTRADO;17/1/2024
GUAYAS;-2,1281042;-79,9407853;32;MUJER;CAUSAS PERSONALES;CIRCUNSTANCIAL;12/1/2024;ENCONTRADO;29/1/2024
GUAYAS;-2,2749967;-79,8955214;13;HOMBRE;VIOLENCIA ;VIOLENCIA FÍSICA;13/1/2024;ENCONTRADO;25/1/2024
GUAYAS;-2,106176361;-79,97574381;21;HOMBRE;CAUSAS PERSONALES;CIRCUNSTANCIAL;13/1/2024;ENCONTRADO;16/1/2024
GUAYAS;-2,1323186;-79,8926809;28;HOMBRE;CAUSAS SOCIALES;DROGADICCIÓN;8/1/2024;ENCONTRADO;27/1/2024
GUAYAS;-2,117589032;-79,96945143;16;MUJER;CAUSAS PERSONALES;CIRCUNSTANCIAL;8/1/2024;ENCONTRADO;21/1/2024
GUAYAS;-2,224539282;-79,92709537;14;HOMBRE;VIOLENCIA ;VIOLENCIA PSICOLÓGICA;13/1/2024;ENCONTRADO;19/1/2024
GUAYAS;-2,196167507;-80,05616605;16;MUJER;SIN_DATO;SIN_DATO;18/1/2024;DESAPARECIDO;SIN_DATO
GUAYAS;-1,9852795;-79,9870368;12;MUJER;CAUSAS PERSONALES;CIRCUNSTANCIAL;16/1/2024;ENCONTRADO;21/1/2024
GUAYAS;-2,1258862;-79,8979523;36;HOMBRE;CAUSAS SOCIALES;DROGADICCIÓN;8/1/2024;ENCONTRADO;3/2/2024
GUAYAS;-2,2028553;-79,9116221;36;HOMBRE;CAUSAS PERSONALES;CIRCUNSTANCIAL;16/1/2024;ENCONTRADO;21/1/2024
GUAYAS;-2,1347306;-79,901155;22;HOMBRE;CAUSAS SOCIALES;DROGADICCIÓN;15/1/2024;ENCONTRADO;20/1/2024
GUAYAS;-2,125810703;-79,92321582;49;HOMBRE;CAUSAS PERSONALES;CIRCUNSTANCIAL;5/1/2024;ENCONTRADO;25/1/2024
GUAYAS;-2,228160696;-79,94211841;47;HOMBRE;CAUSAS SOCIALES;ROBO(ESCOPOLAMINA U OTRA DROGA ALUCINÓGENA ALTAMENTE TÓXICA);18/1/2024;ENCONTRADO;3/2/2024
GUAYAS;-2,07227157;-79,93827627;19;HOMBRE;CAUSAS SOCIALES;DROGADICCIÓN;11/1/2024;ENCONTRADO;23/1/2024
GUAYAS;-2,262293259;-79,87650304;15;MUJER;CAUSAS PERSONALES;CIRCUNSTANCIAL;17/1/2024;ENCONTRADO;22/1/2024
GUAYAS;-2,2402791;-79,9220686;29;HOMBRE;CAUSAS SOCIALES;DROGADICCIÓN;5/1/2024;ENCONTRADO;6/2/2024
GUAYAS;-2,225554924;-79,93454476;17;HOMBRE;CAUSAS PERSONALES;CIRCUNSTANCIAL;14/1/2024;ENCONTRADO;23/1/2024
GUAYAS;-2,1225293;-80,000135;59;HOMBRE;EXTRAVIADO - DISCAPACIDAD / ENFERMEDADES / TRASTORNOS;DISCAPACIDAD PSICOSOCIAL ;2/1/2024;ENCONTRADO;20/1/2024
GUAYAS;-2,0735638;-79,9399215;17;MUJER;CAUSAS PERSONALES;CIRCUNSTANCIAL;6/1/2024;ENCONTRADO;20/1/2024
GUAYAS;-2,1894128;-79,8890662;16;HOMBRE;CAUSAS PERSONALES;CIRCUNSTANCIAL;18/1/2024;ENCONTRADO;4/2/2024
GUAYAS;-2,247564;-79,892338;17;HOMBRE;SIN_DATO;SIN_DATO;17/1/2024;DESAPARECIDO;SIN_DATO
GUAYAS;-2,126711504;-79,89129213;15;MUJER;CAUSAS PERSONALES;CIRCUNSTANCIAL;21/1/2024;ENCONTRADO;21/1/2024
GUAYAS;-2,0735638;-79,9399215;2;HOMBRE;CAUSAS PERSONALES;CIRCUNSTANCIAL;6/1/2024;ENCONTRADO;20/1/2024
GUAYAS;-2,2305517;-79,9022709;52;MUJER;CAUSAS PERSONALES;CIRCUNSTANCIAL;21/1/2024;ENCONTRADO;25/1/2024
GUAYAS;-2,2279347;-79,8879637;31;HOMBRE;CAUSAS SOCIALES;ROBO(ESCOPOLAMINA U OTRA DROGA ALUCINÓGENA ALTAMENTE TÓXICA);14/1/2024;ENCONTRADO;1/2/2024
GUAYAS;-2,2277542;-79,9395439;12;MUJER;CAUSAS PERSONALES;CIRCUNSTANCIAL;20/1/2024;ENCONTRADO;23/1/2024
GUAYAS;-2,1035171;-79,9559316;21;HOMBRE;CAUSAS PERSONALES;CIRCUNSTANCIAL;22/1/2024;ENCONTRADO;4/2/2024
GUAYAS;-2,195652476;-79,88663255;46;HOMBRE;CAUSAS SOCIALES;ROBO(ESCOPOLAMINA U OTRA DROGA ALUCINÓGENA ALTAMENTE TÓXICA);5/1/2024;ENCONTRADO;22/1/2024
GUAYAS;-2,1722173;-79,8301802;14;MUJER;SIN_DATO;SIN_DATO;21/1/2024;DESAPARECIDO;SIN_DATO
GUAYAS;-2,0873135;-79,8728188;13;MUJER;SIN_DATO;SIN_DATO;19/1/2024;DESAPARECIDO;SIN_DATO
GUAYAS;-2,181150958;-79,85328913;18;MUJER;CAUSAS PERSONALES;CIRCUNSTANCIAL;10/1/2024;ENCONTRADO;24/1/2024
GUAYAS;-2,12373724;-80,01617432;14;MUJER;CAUSAS PERSONALES;CIRCUNSTANCIAL;18/1/2024;ENCONTRADO;26/1/2024
GUAYAS;-2,0970306;-79,9462793;42;HOMBRE;FALLECIDO;ASESINATO;24/1/2024;FALLECIDO;29/1/2024
GUAYAS;-2,2840098;-79,8847104;14;MUJER;CAUSAS PERSONALES;CIRCUNSTANCIAL;23/1/2024;ENCONTRADO;30/1/2024
GUAYAS;-2,1690471;-79,9066383;14;MUJER;CAUSAS PERSONALES;CIRCUNSTANCIAL;24/1/2024;ENCONTRADO;27/1/2024
GUAYAS;-2,1756489;-79,8102535;23;HOMBRE;SIN_DATO;SIN_DATO;1/1/2024;DESAPARECIDO;SIN_DATO
GUAYAS;-2,1312605;-79,9931888;16;MUJER;CAUSAS PERSONALES;CIRCUNSTANCIAL;24/1/2024;ENCONTRADO;26/1/2024
GUAYAS;-2,094471;-79,9189437;55;HOMBRE;CAUSAS SOCIALES;ROBO(ESCOPOLAMINA U OTRA DROGA ALUCINÓGENA ALTAMENTE TÓXICA);25/1/2024;ENCONTRADO;27/1/2024
GUAYAS;-2,1265443;-79,9557113;15;MUJER;CAUSAS PERSONALES;CIRCUNSTANCIAL;26/1/2024;ENCONTRADO;27/1/2024
GUAYAS;-2,1265443;-79,9557113;13;MUJER;CAUSAS PERSONALES;CIRCUNSTANCIAL;26/1/2024;ENCONTRADO;27/1/2024
GUAYAS;-2,200807789;-79,88907758;48;HOMBRE;CAUSAS PERSONALES;CIRCUNSTANCIAL;25/1/2024;ENCONTRADO;27/1/2024
GUAYAS;-2,168974;-79,8397207;13;MUJER;CAUSAS PERSONALES;CIRCUNSTANCIAL;21/1/2024;ENCONTRADO;27/1/2024
GUAYAS;-2,1431673;-79,8794521;23;HOMBRE;CAUSAS SOCIALES;ROBO(ESCOPOLAMINA U OTRA DROGA ALUCINÓGENA ALTAMENTE TÓXICA);26/1/2024;ENCONTRADO;28/1/2024
GUAYAS;-2,185196628;-79,88127786;29;HOMBRE;FALLECIDO;ASESINATO;27/1/2024;FALLECIDO;29/1/2024
GUAYAS;-2,1225293;-80,000135;13;HOMBRE;CAUSAS PERSONALES;CIRCUNSTANCIAL;27/1/2024;ENCONTRADO;29/1/2024
GUAYAS;-2,119491534;-79,9490118;30;HOMBRE;CAUSAS SOCIALES;ROBO(ESCOPOLAMINA U OTRA DROGA ALUCINÓGENA ALTAMENTE TÓXICA);27/1/2024;ENCONTRADO;7/2/2024
GUAYAS;-2,1347306;-79,901155;11;HOMBRE;CAUSAS PERSONALES;CIRCUNSTANCIAL;27/1/2024;ENCONTRADO;10/2/2024
GUAYAS;-2,13277703;-79,90959836;30;HOMBRE;CAUSAS PERSONALES;CIRCUNSTANCIAL;25/1/2024;ENCONTRADO;7/2/2024
GUAYAS;-2,0391526;-79,9384083;21;HOMBRE;CAUSAS FAMILIARES;NO RELACIONADOS A VIOLENCIA;27/1/2024;ENCONTRADO;13/2/2024
GUAYAS;-2,2070553;-79,9423506;14;MUJER;SIN_DATO;SIN_DATO;26/1/2024;DESAPARECIDO;SIN_DATO
GUAYAS;-2,168974;-79,8397207;13;MUJER;SIN_DATO;SIN_DATO;16/1/2024;DESAPARECIDO;SIN_DATO
GUAYAS;-2,101496;-79,9898073;27;HOMBRE;EXTRAVIADO - DISCAPACIDAD / ENFERMEDADES / TRASTORNOS;DISCAPACIDAD INTELECTUAL;22/1/2024;ENCONTRADO;29/1/2024
GUAYAS;-2,166731124;-79,83700835;64;HOMBRE;CAUSAS PERSONALES;CIRCUNSTANCIAL;27/1/2024;ENCONTRADO;31/1/2024
GUAYAS;-2,1765929;-79,8871469;35;HOMBRE;CAUSAS PERSONALES;CIRCUNSTANCIAL;28/1/2024;ENCONTRADO;9/2/2024
GUAYAS;-2,267187422;-79,90572002;22;HOMBRE;CAUSAS PERSONALES;CIRCUNSTANCIAL;28/1/2024;ENCONTRADO;7/2/2024
GUAYAS;-2,182002474;-79,90420501;46;MUJER;CAUSAS PERSONALES;CIRCUNSTANCIAL;31/1/2024;ENCONTRADO;3/2/2024
GUAYAS;-2,207337;-79,9063189;14;MUJER;CAUSAS PERSONALES;CIRCUNSTANCIAL;26/1/2024;ENCONTRADO;4/2/2024
GUAYAS;-2,1894128;-79,8890662;15;MUJER;CAUSAS PERSONALES;CIRCUNSTANCIAL;29/1/2024;ENCONTRADO;1/2/2024
GUAYAS;-2,15559646;-79,92212013;11;MUJER;CAUSAS PERSONALES;CIRCUNSTANCIAL;29/1/2024;ENCONTRADO;3/2/2024
GUAYAS;-2,0755495;-79,9256079;13;MUJER;CAUSAS PERSONALES;CIRCUNSTANCIAL;22/1/2024;ENCONTRADO;3/2/2024
GUAYAS;-2,1258717;-80,0157633;15;HOMBRE;SIN_DATO;SIN_DATO;24/1/2024;DESAPARECIDO;SIN_DATO
GUAYAS;-2,2402791;-79,9220686;25;MUJER;CAUSAS SOCIALES;DROGADICCIÓN;5/1/2024;ENCONTRADO;6/2/2024
GUAYAS;-2,221876;-79,8898816;16;HOMBRE;CAUSAS PERSONALES;CIRCUNSTANCIAL;6/1/2024;ENCONTRADO;5/2/2024
GUAYAS;-2,168974;-79,8397207;29;HOMBRE;SIN_DATO;SIN_DATO;24/1/2024;DESAPARECIDO;SIN_DATO
GUAYAS;-2,111457399;-79,93233353;18;HOMBRE;SIN_DATO;SIN_DATO;23/1/2024;DESAPARECIDO;SIN_DATO
GUAYAS;-2,111457399;-79,93233353;17;MUJER;SIN_DATO;SIN_DATO;23/1/2024;DESAPARECIDO;SIN_DATO
GUAYAS;-2,111457399;-79,93233353;38;MUJER;SIN_DATO;SIN_DATO;23/1/2024;DESAPARECIDO;SIN_DATO
GUAYAS;-2,206083126;-79,9312367;23;HOMBRE;FALLECIDO;ASESINATO;29/1/2024;FALLECIDO;31/1/2024
