Provincia,Latitud,Longitud,Edad_Aprox,Sexo,Motivo_Desaparicion,Motivo_Desaparicion_Obs,Fecha_Desaparicion,Situacion_Actual,Fecha_Localizacion,Anio_Desaparicion,Dia_Desaparicion
EL ORO,"-3,2610165","-79,9708185",12,MUJER,CAUSAS PERSONALES,CIRCUNSTANCIAL,2024-01-01,ENCONTRADO,2024-01-03,2024,LUNES
GUAYAS,"-2,33695892","-79,40604541",14,MUJER,CAUSAS PERSONALES,CIRCUNSTANCIAL,2024-01-14,ENCONTRADO,2024-01-16,2024,DOMINGO
GUAYAS,"-2,1327363","-79,5954587",13,MUJER,VIOLENCIA ,VIOLENCIA FÍSICA,2024-01-29,ENCONTRADO,2024-01-30,2024,LUNES
GUAYAS,"-2,242258498","-79,63950637",14,MUJER,CAUSAS PERSONALES,CIRCUNSTANCIAL,2024-01-26,ENCONTRADO,2024-02-03,2024,VIERNES
IMBABURA,"0,2227898","-78,2623429",16,MUJER,CAUSAS PERSONALES,CIRCUNSTANCIAL,2024-01-01,ENCONTRADO,2024-01-06,2024,LUNES
MANABI,"-1,064535401","-80,46702147",13,MUJER,CAUSAS PERSONALES,CIRCUNSTANCIAL,2024-01-03,ENCONTRADO,2024-01-08,2024,MIÉRCOLES
PICHINCHA,"-0,2188216","-78,5135489",16,HOMBRE,CAUSAS PERSONALES,CIRCUNSTANCIAL,2024-01-09,ENCONTRADO,2024-01-22,2024,MARTES
PICHINCHA,"-0,13061747","-78,51243496",19,HOMBRE,CAUSAS PERSONALES,CIRCUNSTANCIAL,2024-01-19,ENCONTRADO,2024-01-23,2024,VIERNES
PICHINCHA,"-0,247963","-78,582984",25,HOMBRE,CAUSAS SOCIALES,ALCOHOLISMO,2024-01-27,ENCONTRADO,2024-02-20,2024,SÁBADO
PICHINCHA,"-0,187135527","-78,51342558",8,HOMBRE,CAUSAS SOCIALES,MIGRACIÓN /MOVILIDAD HUMANA,2024-01-26,ENCONTRADO,2024-02-06,2024,VIERNES
GUAYAS,"-2,2402791","-79,9220686",2,MUJER,CAUSAS SOCIALES,DROGADICCIÓN,2024-01-05,ENCONTRADO,2024-02-06,2024,VIERNES
GUAYAS,"-2,2028553","-79,9116221",17,MUJER,CAUSAS PERSONALES,CIRCUNSTANCIAL,2024-01-26,ENCONTRADO,2024-02-04,2024,VIERNES
ORELLANA,"-0,4616728","-76,9931074",53,HOMBRE,CAUSAS PERSONALES,CIRCUNSTANCIAL,2024-01-01,ENCONTRADO,2024-01-12,2024,LUNES
ORELLANA,"-0,502744952","-77,04250614",14,MUJER,CAUSAS PERSONALES,CIRCUNSTANCIAL,2024-01-22,ENCONTRADO,2024-02-07,2024,LUNES
ORELLANA,"-0,68979332","-77,31204659",8,HOMBRE,CAUSAS PERSONALES,CIRCUNSTANCIAL,2024-01-26,ENCONTRADO,2024-01-28,2024,VIERNES
AZUAY,"-2,9184557","-79,0389464",15,MUJER,CAUSAS PERSONALES,CIRCUNSTANCIAL,2024-01-02,ENCONTRADO,2024-01-04,2024,MARTES
AZUAY,"-2,9001285","-79,0058965",11,MUJER,CAUSAS PERSONALES,CIRCUNSTANCIAL,2024-01-02,ENCONTRADO,2024-01-06,2024,MARTES
AZUAY,"-2,863187","-78,964005",16,HOMBRE,CAUSAS ACADÉMICAS,ACADÉMICO/ESCOLAR (RENDIMIENTO),2024-01-05,ENCONTRADO,2024-01-05,2024,VIERNES
AZUAY,"-2,886385","-78,7759559",15,MUJER,CAUSAS PERSONALES,CIRCUNSTANCIAL,2024-01-04,ENCONTRADO,2024-01-06,2024,JUEVES
AZUAY,"-2,8828147","-78,9896972",15,MUJER,CAUSAS PERSONALES,CIRCUNSTANCIAL,2024-01-03,ENCONTRADO,2024-01-11,2024,MIÉRCOLES
AZUAY,"-2,8870218","-78,9641763",82,HOMBRE,CAUSAS PERSONALES,CIRCUNSTANCIAL,2024-01-04,ENCONTRADO,2024-01-07,2024,JUEVES
AZUAY,"-2,894921","-79,0504459",13,MUJER,CAUSAS PERSONALES,CIRCUNSTANCIAL,2024-01-05,ENCONTRADO,2024-01-06,2024,VIERNES
AZUAY,"-2,9146632","-79,0275004",43,MUJER,CAUSAS PERSONALES,CIRCUNSTANCIAL,2024-01-07,ENCONTRADO,2024-01-08,2024,DOMINGO
AZUAY,"-2,8910544","-78,997778",15,HOMBRE,CAUSAS PERSONALES,CIRCUNSTANCIAL,2024-01-09,ENCONTRADO,2024-01-10,2024,MARTES
AZUAY,"-2,8927111","-79,0000608",13,MUJER,CAUSAS PERSONALES,CIRCUNSTANCIAL,2024-01-08,ENCONTRADO,2024-01-09,2024,LUNES
AZUAY,"-2,8914004","-79,0182488",13,MUJER,CAUSAS PERSONALES,CIRCUNSTANCIAL,2024-01-12,ENCONTRADO,2024-01-14,2024,VIERNES
AZUAY,"-2,9541252","-78,9776912",66,HOMBRE,CAUSAS SOCIALES,ALCOHOLISMO,2024-01-15,ENCONTRADO,2024-01-18,2024,LUNES
AZUAY,"-2,881175457","-79,05910732",85,HOMBRE,EXTRAVIADO - AUSENCIA TEMPORAL,ACCIDENTAL POR DESCUIDO  ,2024-01-14,ENCONTRADO,2024-01-15,2024,DOMINGO
AZUAY,"-3,2106556","-79,2585058",17,MUJER,CAUSAS PERSONALES,CIRCUNSTANCIAL,2024-01-04,ENCONTRADO,2024-01-19,2024,JUEVES
AZUAY,"-2,8865396","-78,9778333",14,MUJER,CAUSAS PERSONALES,CIRCUNSTANCIAL,2024-01-19,ENCONTRADO,2024-01-20,2024,VIERNES
AZUAY,"-2,8865396","-78,9778333",15,MUJER,CAUSAS PERSONALES,CIRCUNSTANCIAL,2024-01-19,ENCONTRADO,2024-01-20,2024,VIERNES
AZUAY,"-2,7873716","-79,1774268",13,MUJER,CAUSAS PERSONALES,CIRCUNSTANCIAL,2024-01-22,ENCONTRADO,2024-01-24,2024,LUNES
AZUAY,"-2,9001285","-79,0058965",39,MUJER,EXTRAVIADO - DISCAPACIDAD / ENFERMEDADES / TRASTORNOS,DISCAPACIDAD INTELECTUAL,2024-01-21,ENCONTRADO,2024-01-24,2024,DOMINGO
AZUAY,"-2,9050465","-79,1774268",17,MUJER,CAUSAS PERSONALES,CIRCUNSTANCIAL,2024-01-30,ENCONTRADO,2024-02-01,2024,MARTES
AZUAY,"-2,886385","-78,7759559",13,MUJER,CAUSAS PERSONALES,CIRCUNSTANCIAL,2024-01-29,ENCONTRADO,2024-02-01,2024,LUNES
AZUAY,"-2,882944255","-79,04046665",14,MUJER,CAUSAS PERSONALES,CIRCUNSTANCIAL,2024-01-27,ENCONTRADO,2024-01-29,2024,SÁBADO
AZUAY,"-2,9001285","-79,0058965",14,HOMBRE,CAUSAS PERSONALES,CIRCUNSTANCIAL,2024-01-29,ENCONTRADO,2024-02-05,2024,LUNES
AZUAY,"-2,9001285","-79,0058965",13,MUJER,CAUSAS PERSONALES,CIRCUNSTANCIAL,2024-01-31,ENCONTRADO,2024-02-01,2024,MIÉRCOLES
AZUAY,"-2,9001285","-79,0058965",17,MUJER,CAUSAS PERSONALES,CIRCUNSTANCIAL,2024-01-30,ENCONTRADO,2024-02-03,2024,MARTES
AZUAY,"-2,88866","-78,9892373",34,HOMBRE,CAUSAS SOCIALES,ALCOHOLISMO,2024-01-31,ENCONTRADO,2024-02-20,2024,MIÉRCOLES
BOLIVAR,"-1,407313261","-79,02274339",20,MUJER,CAUSAS PERSONALES,CIRCUNSTANCIAL,2024-01-02,ENCONTRADO,2024-01-11,2024,MARTES
BOLIVAR,"-1,815203412","-79,1050254",27,MUJER,EXTRAVIADO - DISCAPACIDAD / ENFERMEDADES / TRASTORNOS,DISCAPACIDAD PSICOSOCIAL ,2024-01-08,ENCONTRADO,2024-01-12,2024,LUNES
BOLIVAR,"-1,815203412","-79,1050254",5,HOMBRE,CAUSAS PERSONALES,CIRCUNSTANCIAL,2024-01-08,ENCONTRADO,2024-01-12,2024,LUNES
CAÑAR,"-2,737505385","-78,85048623",19,MUJER,CAUSAS PERSONALES,CIRCUNSTANCIAL,2024-01-07,ENCONTRADO,2024-01-08,2024,DOMINGO
CAÑAR,"-2,581700254","-78,93890181",9,HOMBRE,CAUSAS ACADÉMICAS,ACADÉMICO/ESCOLAR (RENDIMIENTO),2024-01-09,ENCONTRADO,2024-01-12,2024,MARTES
CAÑAR,"-2,713235246","-78,89121797",17,MUJER,VIOLENCIA ,VIOLENCIA FÍSICA,2024-01-14,ENCONTRADO,2024-01-19,2024,DOMINGO
CAÑAR,"-2,797539088","-78,84952275",16,MUJER,EXTRAVIADO - AUSENCIA TEMPORAL,ACCIDENTAL POR DESCUIDO  ,2024-01-23,ENCONTRADO,2024-01-24,2024,MARTES
CAÑAR,"-2,7361047","-78,84277181",38,HOMBRE,EXTRAVIADO - AUSENCIA TEMPORAL,ACCIDENTADO,2024-01-28,ENCONTRADO,2024-01-31,2024,DOMINGO
CARCHI,"0,836509718","-77,70380349",15,HOMBRE,CAUSAS PERSONALES,CIRCUNSTANCIAL,2024-01-03,ENCONTRADO,2024-01-06,2024,MIÉRCOLES
CARCHI,"0,819244241","-77,70728321",34,HOMBRE,CAUSAS SOCIALES,ALCOHOLISMO,2024-01-15,ENCONTRADO,2024-01-19,2024,LUNES
COTOPAXI,"-1,0776763","-79,2451149",16,MUJER,CAUSAS PERSONALES,RELACIÓN AFECTIVA,2024-01-27,ENCONTRADO,2024-02-11,2024,SÁBADO
COTOPAXI,"-0,934227355","-78,61451705",15,HOMBRE,CAUSAS PERSONALES,CIRCUNSTANCIAL,2024-01-01,ENCONTRADO,2024-01-02,2024,LUNES
COTOPAXI,"-1,043622002","-78,59082699",13,MUJER,CAUSAS PERSONALES,CIRCUNSTANCIAL,2024-01-02,ENCONTRADO,2024-01-03,2024,MARTES
COTOPAXI,"-0,933144859","-78,62416953",52,HOMBRE,CAUSAS SOCIALES,ALCOHOLISMO,2024-01-05,ENCONTRADO,2024-01-07,2024,VIERNES
COTOPAXI,"-1,044938174","-78,59013615",17,MUJER,CAUSAS PERSONALES,CIRCUNSTANCIAL,2024-01-06,ENCONTRADO,2024-01-09,2024,SÁBADO
COTOPAXI,"-0,932217272","-78,62206399",22,HOMBRE,CAUSAS PERSONALES,CIRCUNSTANCIAL,2024-01-07,ENCONTRADO,2024-01-08,2024,DOMINGO
COTOPAXI,"-0,9411949","-79,2316042",14,MUJER,CAUSAS PERSONALES,CIRCUNSTANCIAL,2024-01-09,ENCONTRADO,2024-01-15,2024,MARTES
COTOPAXI,"-0,93677681","-78,62089104",17,MUJER,CAUSAS PERSONALES,CIRCUNSTANCIAL,2024-01-14,ENCONTRADO,2024-01-17,2024,DOMINGO
COTOPAXI,"-1,0483333","-78,4916667",67,MUJER,EXTRAVIADO - DISCAPACIDAD / ENFERMEDADES / TRASTORNOS,DISCAPACIDAD INTELECTUAL,2024-01-14,ENCONTRADO,2024-01-27,2024,DOMINGO
COTOPAXI,"-0,864444481","-78,59164821",22,HOMBRE,CAUSAS SOCIALES,ROBO(ESCOPOLAMINA U OTRA DROGA ALUCINÓGENA ALTAMENTE TÓXICA),2024-01-17,ENCONTRADO,2024-01-28,2024,MIÉRCOLES
COTOPAXI,"-0,869927922","-78,60057672",15,HOMBRE,CAUSAS PERSONALES,CIRCUNSTANCIAL,2024-01-18,ENCONTRADO,2024-01-20,2024,JUEVES
COTOPAXI,"-0,9293932","-78,6249916",25,MUJER,CAUSAS SOCIALES,MIGRACIÓN /MOVILIDAD HUMANA,2024-01-02,ENCONTRADO,2024-01-27,2024,MARTES
COTOPAXI,"-0,9293932","-78,6249916",4,MUJER,CAUSAS SOCIALES,MIGRACIÓN /MOVILIDAD HUMANA,2024-01-02,ENCONTRADO,2024-01-27,2024,MARTES
COTOPAXI,"-0,779885056","-78,63757918",14,MUJER,CAUSAS PERSONALES,CIRCUNSTANCIAL,2024-01-25,ENCONTRADO,2024-01-28,2024,JUEVES
COTOPAXI,"-0,6826317","-78,6341996",60,MUJER,CAUSAS PERSONALES,CIRCUNSTANCIAL,2024-01-27,ENCONTRADO,2024-02-08,2024,SÁBADO
COTOPAXI,"-0,784435268","-78,64473665",32,HOMBRE,CAUSAS PERSONALES,RELACIÓN AFECTIVA,2024-01-25,ENCONTRADO,2024-02-10,2024,JUEVES
COTOPAXI,"-0,9411949","-79,2316042",15,MUJER,CAUSAS SOCIALES,DROGADICCIÓN,2024-01-31,ENCONTRADO,2024-02-20,2024,MIÉRCOLES
COTOPAXI,"-0,9293228","-78,6020262",15,HOMBRE,CAUSAS PERSONALES,CIRCUNSTANCIAL,2024-01-15,ENCONTRADO,2024-01-31,2024,LUNES
COTOPAXI,"-0,9411949","-79,2316042",16,MUJER,CAUSAS PERSONALES,CIRCUNSTANCIAL,2024-01-22,ENCONTRADO,2024-01-31,2024,LUNES
COTOPAXI,"-0,9411949","-79,2316042",14,HOMBRE,CAUSAS PERSONALES,CIRCUNSTANCIAL,2024-01-22,ENCONTRADO,2024-01-31,2024,LUNES
COTOPAXI,"-0,89564153","-78,61042867",2,MUJER,CAUSAS PERSONALES,CIRCUNSTANCIAL,2024-01-23,ENCONTRADO,2024-02-01,2024,MARTES
COTOPAXI,"-0,89564153","-78,61042867",27,MUJER,CAUSAS PERSONALES,RELACIÓN AFECTIVA,2024-01-23,ENCONTRADO,2024-02-14,2024,MARTES
COTOPAXI,"-0,89564153","-78,61042867",8,HOMBRE,CAUSAS PERSONALES,RELACIÓN AFECTIVA,2024-01-23,ENCONTRADO,2024-02-08,2024,MARTES
COTOPAXI,"-0,944292133","-79,22533179",11,MUJER,CAUSAS PERSONALES,CIRCUNSTANCIAL,2024-01-08,ENCONTRADO,2024-02-08,2024,LUNES
CHIMBORAZO,"-1,6628112","-78,6600387",16,HOMBRE,DISCRIMINACIÓN,ORIENTACIÓN SEXUAL E IDENTIDAD DE GÉNERO,2024-01-20,ENCONTRADO,2024-02-16,2024,SÁBADO
CHIMBORAZO,"-1,672923885","-78,66993953",16,MUJER,CAUSAS PERSONALES,CIRCUNSTANCIAL,2024-01-01,ENCONTRADO,2024-01-04,2024,LUNES
CHIMBORAZO,"-1,649837072","-78,60253615",13,MUJER,CAUSAS PERSONALES,CIRCUNSTANCIAL,2024-01-04,ENCONTRADO,2024-01-04,2024,JUEVES
CHIMBORAZO,"-1,6783246","-78,6436236",14,HOMBRE,CAUSAS PERSONALES,CIRCUNSTANCIAL,2024-01-07,ENCONTRADO,2024-01-09,2024,DOMINGO
CHIMBORAZO,"-2,006482913","-78,98065925",15,HOMBRE,CAUSAS PERSONALES,CIRCUNSTANCIAL,2024-01-01,ENCONTRADO,2024-01-29,2024,LUNES
CHIMBORAZO,"-1,63896185","-78,67767362",41,HOMBRE,CAUSAS PERSONALES,CIRCUNSTANCIAL,2024-01-10,ENCONTRADO,2024-01-14,2024,MIÉRCOLES
CHIMBORAZO,"-1,626136202","-78,80865915",17,HOMBRE,CAUSAS PERSONALES,CIRCUNSTANCIAL,2024-01-14,ENCONTRADO,2024-01-15,2024,DOMINGO
CHIMBORAZO,"-1,6471028","-78,672083",24,MUJER,CAUSAS PERSONALES,CIRCUNSTANCIAL,2024-01-03,ENCONTRADO,2024-01-05,2024,MIÉRCOLES
CHIMBORAZO,"-1,6943845","-78,6284105",24,MUJER,CAUSAS PERSONALES,CIRCUNSTANCIAL,2024-01-14,ENCONTRADO,2024-01-19,2024,DOMINGO
CHIMBORAZO,"-1,6523847","-78,6939622",12,HOMBRE,CAUSAS PERSONALES,CIRCUNSTANCIAL,2024-01-18,ENCONTRADO,2024-01-19,2024,JUEVES
CHIMBORAZO,"-1,6523847","-78,6939622",10,HOMBRE,CAUSAS PERSONALES,CIRCUNSTANCIAL,2024-01-18,ENCONTRADO,2024-01-19,2024,JUEVES
CHIMBORAZO,"-1,6523847","-78,6939622",9,HOMBRE,CAUSAS PERSONALES,CIRCUNSTANCIAL,2024-01-18,ENCONTRADO,2024-01-19,2024,JUEVES
CHIMBORAZO,"-1,682378917","-78,63615886",15,MUJER,CAUSAS PERSONALES,CIRCUNSTANCIAL,2024-01-14,ENCONTRADO,2024-02-07,2024,DOMINGO
CHIMBORAZO,"-1,670617","-78,6525571",14,MUJER,CAUSAS PERSONALES,CIRCUNSTANCIAL,2024-01-21,ENCONTRADO,2024-01-24,2024,DOMINGO
CHIMBORAZO,"-2,101801809","-78,69579002",15,MUJER,CAUSAS PERSONALES,CIRCUNSTANCIAL,2024-01-22,ENCONTRADO,2024-01-27,2024,LUNES
CHIMBORAZO,"-1,662739413","-78,64628091",12,MUJER,CAUSAS PERSONALES,CIRCUNSTANCIAL,2024-01-24,ENCONTRADO,2024-01-26,2024,MIÉRCOLES
CHIMBORAZO,"-1,662739413","-78,64628091",13,HOMBRE,CAUSAS PERSONALES,CIRCUNSTANCIAL,2024-01-24,ENCONTRADO,2024-01-28,2024,MIÉRCOLES
CHIMBORAZO,"-1,67859462","-78,64429578",40,HOMBRE,CAUSAS PERSONALES,CIRCUNSTANCIAL,2024-01-28,ENCONTRADO,2024-01-30,2024,DOMINGO
CHIMBORAZO,"-1,9372504","-78,7140798",3,HOMBRE,CAUSAS PERSONALES,CIRCUNSTANCIAL,2024-01-30,ENCONTRADO,2024-02-01,2024,MARTES
CHIMBORAZO,"-1,9372504","-78,7140798",28,MUJER,CAUSAS PERSONALES,CIRCUNSTANCIAL,2024-01-30,ENCONTRADO,2024-02-01,2024,MARTES
CHIMBORAZO,"-1,6449887","-78,6736618",13,HOMBRE,CAUSAS PERSONALES,CIRCUNSTANCIAL,2024-01-29,ENCONTRADO,2024-02-03,2024,LUNES
CHIMBORAZO,"-1,5955679","-78,7640129",26,HOMBRE,CAUSAS PERSONALES,CIRCUNSTANCIAL,2024-01-31,ENCONTRADO,2024-02-14,2024,MIÉRCOLES
EL ORO,"-3,256594691","-79,97717636",15,MUJER,CAUSAS PERSONALES,CIRCUNSTANCIAL,2024-01-01,ENCONTRADO,2024-01-04,2024,LUNES
EL ORO,"-3,1890774","-79,8555606",17,MUJER,CAUSAS PERSONALES,CIRCUNSTANCIAL,2024-01-04,ENCONTRADO,2024-01-08,2024,JUEVES
EL ORO,"-3,4572165","-79,9594745",16,MUJER,CAUSAS PERSONALES,CIRCUNSTANCIAL,2024-01-01,ENCONTRADO,2024-01-11,2024,LUNES
EL ORO,"-3,271859735","-79,92452873",15,MUJER,CAUSAS PERSONALES,CIRCUNSTANCIAL,2024-01-14,ENCONTRADO,2024-01-18,2024,DOMINGO
EL ORO,"-3,25822079","-79,95485902",16,MUJER,CAUSAS PERSONALES,CIRCUNSTANCIAL,2024-01-17,ENCONTRADO,2024-01-20,2024,MIÉRCOLES
EL ORO,"-3,25460503","-79,95465311",16,MUJER,CAUSAS PERSONALES,CIRCUNSTANCIAL,2024-01-07,ENCONTRADO,2024-01-19,2024,DOMINGO
EL ORO,"-3,24819008","-79,93950203",26,HOMBRE,CAUSAS ECONÓMICAS,DEUDAS,2024-01-17,ENCONTRADO,2024-01-24,2024,MIÉRCOLES
EL ORO,"-3,279380105","-79,95795361",19,HOMBRE,CAUSAS ECONÓMICAS,DEUDAS,2024-01-22,ENCONTRADO,2024-02-01,2024,LUNES
EL ORO,"-3,2677554","-80,0014727",30,HOMBRE,CAUSAS PERSONALES,CIRCUNSTANCIAL,2024-01-18,ENCONTRADO,2024-02-02,2024,JUEVES
EL ORO,"-3,278161509","-79,95298025",14,MUJER,CAUSAS PERSONALES,CIRCUNSTANCIAL,2024-01-25,ENCONTRADO,2024-01-28,2024,JUEVES
EL ORO,"-3,242826917","-79,93773245",13,MUJER,CAUSAS PERSONALES,CIRCUNSTANCIAL,2024-01-27,ENCONTRADO,2024-01-30,2024,SÁBADO
EL ORO,"-3,266134535","-79,99714608",26,MUJER,CAUSAS PERSONALES,CIRCUNSTANCIAL,2024-01-28,ENCONTRADO,2024-01-29,2024,DOMINGO
EL ORO,"-3,4593888","-79,9668308",18,MUJER,CAUSAS PERSONALES,CIRCUNSTANCIAL,2024-01-24,ENCONTRADO,2024-01-27,2024,MIÉRCOLES
EL ORO,"-3,260450971","-79,95557392",16,MUJER,CAUSAS PERSONALES,CIRCUNSTANCIAL,2024-01-28,ENCONTRADO,2024-01-30,2024,DOMINGO
EL ORO,"-3,267315189","-79,94885731",37,MUJER,CAUSAS PERSONALES,CIRCUNSTANCIAL,2024-01-23,ENCONTRADO,2024-01-31,2024,MARTES
EL ORO,"-3,267315189","-79,94885731",5,MUJER,CAUSAS PERSONALES,CIRCUNSTANCIAL,2024-01-23,ENCONTRADO,2024-01-31,2024,MARTES
EL ORO,"-3,267315189","-79,94885731",9,HOMBRE,CAUSAS PERSONALES,CIRCUNSTANCIAL,2024-01-23,ENCONTRADO,2024-01-31,2024,MARTES
EL ORO,"-3,267315189","-79,94885731",13,HOMBRE,CAUSAS PERSONALES,CIRCUNSTANCIAL,2024-01-23,ENCONTRADO,2024-01-31,2024,MARTES
EL ORO,"-3,258453363","-79,86901078",14,MUJER,CAUSAS PERSONALES,CIRCUNSTANCIAL,2024-01-28,ENCONTRADO,2024-01-31,2024,DOMINGO
EL ORO,"-3,3259044","-79,8056661",14,MUJER,CAUSAS PERSONALES,CIRCUNSTANCIAL,2024-01-28,ENCONTRADO,2024-02-01,2024,DOMINGO
EL ORO,"-3,403652475","-79,80075795",13,MUJER,CAUSAS PERSONALES,CIRCUNSTANCIAL,2024-01-31,ENCONTRADO,2024-02-04,2024,MIÉRCOLES
EL ORO,"-3,403652475","-79,80075795",14,MUJER,CAUSAS PERSONALES,CIRCUNSTANCIAL,2024-01-31,ENCONTRADO,2024-02-04,2024,MIÉRCOLES
ESMERALDAS,"1,056344265","-79,44643021",16,MUJER,CAUSAS PERSONALES,RELACIÓN AFECTIVA,2024-01-24,ENCONTRADO,2024-02-08,2024,MIÉRCOLES
ESMERALDAS,"0,91454616","-79,70089668",17,MUJER,CAUSAS PERSONALES,RELACIÓN AFECTIVA,2024-01-24,ENCONTRADO,2024-02-06,2024,MIÉRCOLES
ESMERALDAS,"1,278981546","-78,83078285",31,HOMBRE,CAUSAS PERSONALES,CIRCUNSTANCIAL,2024-01-02,ENCONTRADO,2024-01-11,2024,MARTES
ESMERALDAS,"0,905818683","-79,68777532",14,MUJER,CAUSAS PERSONALES,CIRCUNSTANCIAL,2024-01-21,ENCONTRADO,2024-02-17,2024,DOMINGO
ESMERALDAS,"0,9681789","-79,6517202",22,MUJER,EXTRAVIADO - AUSENCIA TEMPORAL,ACCIDENTAL POR DESCUIDO  ,2024-01-05,ENCONTRADO,2024-01-06,2024,VIERNES
ESMERALDAS,"0,31534972","-79,42250499",14,MUJER,CAUSAS PERSONALES,RELACIÓN AFECTIVA,2024-01-25,ENCONTRADO,2024-02-19,2024,JUEVES
ESMERALDAS,"0,9681789","-79,6517202",14,MUJER,CAUSAS PERSONALES,CIRCUNSTANCIAL,2024-01-03,ENCONTRADO,2024-01-09,2024,MIÉRCOLES
ESMERALDAS,"0,9681789","-79,6517202",53,HOMBRE,FALLECIDO,MUERTE NATURAL,2024-01-12,FALLECIDO,2024-01-17,2024,VIERNES
ESMERALDAS,"0,925853417","-79,69672316",18,MUJER,CAUSAS PERSONALES,CIRCUNSTANCIAL,2024-01-08,ENCONTRADO,2024-01-16,2024,LUNES
ESMERALDAS,"0,9730661","-79,6249446",37,MUJER,CAUSAS PERSONALES,RELACIÓN AFECTIVA,2024-01-09,ENCONTRADO,2024-02-11,2024,MARTES
ESMERALDAS,"0,651158304","-79,53811986",16,HOMBRE,FALLECIDO,NO DETERMINADA,2024-01-15,FALLECIDO,2024-01-18,2024,LUNES
ESMERALDAS,"0,9344358","-79,6740663",56,HOMBRE,CAUSAS PERSONALES,CIRCUNSTANCIAL,2024-01-10,ENCONTRADO,2024-01-19,2024,MIÉRCOLES
ESMERALDAS,"0,867408537","-79,84752566",14,MUJER,CAUSAS PERSONALES,CIRCUNSTANCIAL,2024-01-18,ENCONTRADO,2024-02-02,2024,JUEVES
ESMERALDAS,"0,984372908","-79,64729005",28,MUJER,CAUSAS PERSONALES,CIRCUNSTANCIAL,2024-01-04,ENCONTRADO,2024-01-20,2024,JUEVES
ESMERALDAS,"0,9681789","-79,6517202",16,MUJER,CAUSAS PERSONALES,CIRCUNSTANCIAL,2024-01-30,ENCONTRADO,2024-01-30,2024,MARTES
ESMERALDAS,"0,315383272","-79,42394257",28,HOMBRE,FALLECIDO,NO DETERMINADA,2024-01-27,FALLECIDO,2024-02-02,2024,SÁBADO
ESMERALDAS,"0,39311","-79,552272",73,MUJER,EXTRAVIADO - DISCAPACIDAD / ENFERMEDADES / TRASTORNOS,DISCAPACIDAD INTELECTUAL,2024-01-30,ENCONTRADO,2024-02-01,2024,MARTES
ESMERALDAS,"0,133616778","-79,40282831",15,MUJER,CAUSAS PERSONALES,CIRCUNSTANCIAL,2024-01-30,ENCONTRADO,2024-02-06,2024,MARTES
GUAYAS,"-2,1281155","-79,5900861",13,MUJER,VIOLENCIA ,VIOLENCIA FÍSICA,2024-01-01,ENCONTRADO,2024-01-05,2024,LUNES
GUAYAS,"-2,6284683","-80,3895886",15,MUJER,CAUSAS PERSONALES,CIRCUNSTANCIAL,2024-01-01,ENCONTRADO,2024-01-05,2024,LUNES
GUAYAS,"-2,1921861","-79,6077869",25,MUJER,CAUSAS PERSONALES,CIRCUNSTANCIAL,2024-01-04,ENCONTRADO,2024-01-08,2024,JUEVES
GUAYAS,"-1,819275","-80,239377",12,MUJER,CAUSAS PERSONALES,CIRCUNSTANCIAL,2024-01-03,ENCONTRADO,2024-01-07,2024,MIÉRCOLES
GUAYAS,"-2,109480191","-79,23803066",61,MUJER,EXTRAVIADO - DISCAPACIDAD / ENFERMEDADES / TRASTORNOS,DISCAPACIDAD SENSORIAL,2024-01-02,ENCONTRADO,2024-01-16,2024,MARTES
GUAYAS,"-2,667116728","-79,62942123",15,MUJER,CAUSAS PERSONALES,CIRCUNSTANCIAL,2024-01-02,ENCONTRADO,2024-01-12,2024,MARTES
GUAYAS,"-2,6296414","-80,389177",25,HOMBRE,CAUSAS SOCIALES,DROGADICCIÓN,2024-01-01,ENCONTRADO,2024-01-15,2024,LUNES
GUAYAS,"-2,33130384","-79,40285772",36,HOMBRE,EXTRAVIADO - DISCAPACIDAD / ENFERMEDADES / TRASTORNOS,DISCAPACIDAD FÍSICA,2024-01-14,ENCONTRADO,2024-01-16,2024,DOMINGO
GUAYAS,"-2,33695892","-79,40604541",13,MUJER,CAUSAS PERSONALES,CIRCUNSTANCIAL,2024-01-14,ENCONTRADO,2024-01-16,2024,DOMINGO
GUAYAS,"-2,538272737","-79,54991148",16,MUJER,CAUSAS PERSONALES,CIRCUNSTANCIAL,2024-01-13,ENCONTRADO,2024-01-17,2024,SÁBADO
GUAYAS,"-1,831665","-79,824687",15,MUJER,CAUSAS PERSONALES,CIRCUNSTANCIAL,2024-01-10,ENCONTRADO,2024-02-06,2024,MIÉRCOLES
GUAYAS,"-1,866903","-79,982857",64,HOMBRE,FALLECIDO,ACCIDENTAL,2024-01-20,FALLECIDO,2024-01-23,2024,SÁBADO
GUAYAS,"-2,178112198","-79,51670822",82,HOMBRE,EXTRAVIADO - DISCAPACIDAD / ENFERMEDADES / TRASTORNOS,DISCAPACIDAD INTELECTUAL,2024-01-21,ENCONTRADO,2024-02-01,2024,DOMINGO
GUAYAS,"-2,12011338","-79,60740566",18,MUJER,CAUSAS PERSONALES,CIRCUNSTANCIAL,2024-01-18,ENCONTRADO,2024-01-23,2024,JUEVES
GUAYAS,"-1,763108","-79,791411",17,MUJER,CAUSAS PERSONALES,CIRCUNSTANCIAL,2024-01-01,ENCONTRADO,2024-01-22,2024,LUNES
GUAYAS,"-2,120838212","-79,59439075",44,HOMBRE,CAUSAS PERSONALES,CIRCUNSTANCIAL,2024-01-23,ENCONTRADO,2024-01-25,2024,MARTES
GUAYAS,"-2,1372529","-79,6085466",16,MUJER,CAUSAS PERSONALES,CIRCUNSTANCIAL,2024-01-02,ENCONTRADO,2024-01-25,2024,MARTES
GUAYAS,"-2,6296414","-80,389177",15,HOMBRE,FALLECIDO,ACCIDENTAL,2024-01-25,FALLECIDO,2024-01-26,2024,JUEVES
GUAYAS,"-2,909501381","-79,81343827",14,MUJER,CAUSAS PERSONALES,CIRCUNSTANCIAL,2024-01-29,ENCONTRADO,2024-02-08,2024,LUNES
GUAYAS,"-2,912080369","-79,81832638",20,MUJER,CAUSAS PERSONALES,CIRCUNSTANCIAL,2024-01-03,ENCONTRADO,2024-02-16,2024,MIÉRCOLES
IMBABURA,"0,2314086","-78,257291",74,HOMBRE,EXTRAVIADO - DISCAPACIDAD / ENFERMEDADES / TRASTORNOS,DISCAPACIDAD SENSORIAL,2024-01-15,ENCONTRADO,2024-01-18,2024,LUNES
IMBABURA,"0,3552973","-78,1250848",12,HOMBRE,EXTRAVIADO - AUSENCIA TEMPORAL,ACCIDENTAL POR DESCUIDO  ,2024-01-18,ENCONTRADO,2024-01-19,2024,JUEVES
IMBABURA,"0,3604953","-78,1372016",15,MUJER,CAUSAS PERSONALES,CIRCUNSTANCIAL,2024-01-24,ENCONTRADO,2024-02-01,2024,MIÉRCOLES
IMBABURA,"0,365292935","-78,13103199",15,MUJER,VIOLENCIA ,VIOLENCIA PSICOLÓGICA,2024-01-29,ENCONTRADO,2024-02-01,2024,LUNES
LOJA,"-3,992137251","-79,20662325",13,MUJER,CAUSAS PERSONALES,CIRCUNSTANCIAL,2024-01-01,ENCONTRADO,2024-01-08,2024,LUNES
LOJA,"-3,982702127","-79,20939125",15,MUJER,CAUSAS PERSONALES,CIRCUNSTANCIAL,2024-01-02,ENCONTRADO,2024-01-10,2024,MARTES
LOJA,"-3,843474348","-79,3429075",15,MUJER,CAUSAS PERSONALES,CIRCUNSTANCIAL,2024-01-08,ENCONTRADO,2024-01-24,2024,LUNES
LOJA,"-4,015557841","-79,25003665",15,MUJER,CAUSAS PERSONALES,CIRCUNSTANCIAL,2024-01-15,ENCONTRADO,2024-01-18,2024,LUNES
LOJA,"-4,00366919","-79,19965085",14,MUJER,CAUSAS PERSONALES,CIRCUNSTANCIAL,2024-01-16,ENCONTRADO,2024-01-20,2024,MARTES
LOJA,"-4,019027454","-79,2033378",13,MUJER,CAUSAS PERSONALES,CIRCUNSTANCIAL,2024-01-20,ENCONTRADO,2024-01-21,2024,SÁBADO
LOJA,"-3,990318864","-79,21152283",18,HOMBRE,CAUSAS SOCIALES,ALCOHOLISMO,2024-01-26,ENCONTRADO,2024-01-30,2024,VIERNES
LOJA,"-3,9931657","-79,2092153",16,MUJER,CAUSAS PERSONALES,CIRCUNSTANCIAL,2024-01-31,ENCONTRADO,2024-02-04,2024,MIÉRCOLES
LOS RIOS,"-0,8040948","-79,3540463",18,HOMBRE,EXTRAVIADO - DISCAPACIDAD / ENFERMEDADES / TRASTORNOS,DISCAPACIDAD INTELECTUAL,2024-01-02,ENCONTRADO,2024-01-06,2024,MARTES
LOS RIOS,"-1,0225124","-79,4604035",14,MUJER,CAUSAS PERSONALES,CIRCUNSTANCIAL,2024-01-04,ENCONTRADO,2024-01-07,2024,JUEVES
LOS RIOS,"-1,802657945","-79,5182061",26,HOMBRE,FALLECIDO,HOMICIDIO ASESINATO,2024-01-02,FALLECIDO,2024-01-21,2024,MARTES
LOS RIOS,"-1,806221785","-79,53563539",31,HOMBRE,CAUSAS PERSONALES,CIRCUNSTANCIAL,2024-01-04,ENCONTRADO,2024-01-11,2024,JUEVES
LOS RIOS,"-1,80269108","-79,52363085",39,HOMBRE,CAUSAS SOCIALES,DROGADICCIÓN,2024-01-06,ENCONTRADO,2024-02-04,2024,SÁBADO
LOS RIOS,"-1,0642796","-79,453512",17,HOMBRE,CAUSAS PERSONALES,CIRCUNSTANCIAL,2024-01-02,ENCONTRADO,2024-01-24,2024,MARTES
LOS RIOS,"-0,7781123","-79,5153773",12,MUJER,CAUSAS PERSONALES,CIRCUNSTANCIAL,2024-01-01,ENCONTRADO,2024-01-29,2024,LUNES
LOS RIOS,"-1,795445194","-79,5336112",16,HOMBRE,CAUSAS SOCIALES,DROGADICCIÓN,2024-01-16,ENCONTRADO,2024-02-06,2024,MARTES
LOS RIOS,"-0,9794356","-79,4084928",15,MUJER,CAUSAS PERSONALES,CIRCUNSTANCIAL,2024-01-21,ENCONTRADO,2024-02-11,2024,DOMINGO
LOS RIOS,"-1,029566797","-79,456265",14,MUJER,CAUSAS PERSONALES,CIRCUNSTANCIAL,2024-01-10,ENCONTRADO,2024-01-29,2024,MIÉRCOLES
LOS RIOS,"-0,938774064","-79,35343266",14,MUJER,CAUSAS PERSONALES,CIRCUNSTANCIAL,2024-01-25,ENCONTRADO,2024-02-09,2024,JUEVES
LOS RIOS,"-1,062928465","-79,42880618",13,MUJER,CAUSAS PERSONALES,RELACIÓN AFECTIVA,2024-01-29,ENCONTRADO,2024-02-09,2024,LUNES
LOS RIOS,"-1,443951583","-79,4648503",13,MUJER,CAUSAS PERSONALES,CIRCUNSTANCIAL,2024-01-24,ENCONTRADO,2024-02-03,2024,MIÉRCOLES
LOS RIOS,"-1,631198303","-79,55787276",47,MUJER,CAUSAS PERSONALES,CIRCUNSTANCIAL,2024-01-14,ENCONTRADO,2024-02-04,2024,DOMINGO
LOS RIOS,"-0,886114165","-79,49344394",14,MUJER,CAUSAS PERSONALES,CIRCUNSTANCIAL,2024-01-28,ENCONTRADO,2024-02-09,2024,DOMINGO
MANABI,"-0,6995577","-80,0951007",22,HOMBRE,EXTRAVIADO - DISCAPACIDAD / ENFERMEDADES / TRASTORNOS,DISCAPACIDAD PSICOSOCIAL ,2024-01-06,ENCONTRADO,2024-01-11,2024,SÁBADO
MANABI,"-0,625986281","-80,03015541",16,HOMBRE,CAUSAS PERSONALES,CIRCUNSTANCIAL,2024-01-07,ENCONTRADO,2024-01-18,2024,DOMINGO
MANABI,"-0,843775209","-80,53093872",52,HOMBRE,CAUSAS SOCIALES,"EXTORSIÓN (NUEVAS MODALIDADES ""VACUNA"") ",2024-01-14,ENCONTRADO,2024-01-15,2024,DOMINGO
MANABI,"-0,843775209","-80,53093872",30,HOMBRE,CAUSAS SOCIALES,"EXTORSIÓN (NUEVAS MODALIDADES ""VACUNA"") ",2024-01-14,ENCONTRADO,2024-01-15,2024,DOMINGO
MANABI,"-1,025893386","-80,4935072",35,HOMBRE,CAUSAS SOCIALES,ROBO(ESCOPOLAMINA U OTRA DROGA ALUCINÓGENA ALTAMENTE TÓXICA),2024-01-15,ENCONTRADO,2024-01-16,2024,LUNES
MANABI,"-0,6186619","-80,4273644",52,HOMBRE,FALLECIDO,NO DETERMINADA,2024-01-05,FALLECIDO,2024-02-09,2024,VIERNES
MANABI,"-0,6967896","-80,0920786",14,MUJER,CAUSAS PERSONALES,CIRCUNSTANCIAL,2024-01-17,ENCONTRADO,2024-01-27,2024,MIÉRCOLES
MANABI,"-0,996899911","-80,73595292",15,MUJER,CAUSAS PERSONALES,CIRCUNSTANCIAL,2024-01-22,ENCONTRADO,2024-01-25,2024,LUNES
MANABI,"-0,7140022","-80,109357",41,HOMBRE,CAUSAS PERSONALES,CIRCUNSTANCIAL,2024-01-19,ENCONTRADO,2024-01-29,2024,VIERNES
MANABI,"-1,080447768","-80,45475841",13,MUJER,CAUSAS PERSONALES,CIRCUNSTANCIAL,2024-01-31,ENCONTRADO,2024-02-01,2024,MIÉRCOLES
MORONA SANTIAGO,"-2,5440386","-78,1792434",14,MUJER,CAUSAS PERSONALES,CIRCUNSTANCIAL,2024-01-03,ENCONTRADO,2024-01-07,2024,MIÉRCOLES
MORONA SANTIAGO,"-1,945869545","-78,00838717",44,HOMBRE,FALLECIDO,ACCIDENTAL,2024-01-14,FALLECIDO,2024-01-21,2024,DOMINGO
MORONA SANTIAGO,"-2,45602046","-78,16905854",16,MUJER,CAUSAS PERSONALES,CIRCUNSTANCIAL,2024-01-19,ENCONTRADO,2024-01-26,2024,VIERNES
NAPO,"-0,9962972","-77,8136035",20,MUJER,CAUSAS PERSONALES,CIRCUNSTANCIAL,2024-01-05,ENCONTRADO,2024-01-08,2024,VIERNES
NAPO,"-0,994194043","-77,8112268",16,HOMBRE,DISCRIMINACIÓN,ORIENTACIÓN SEXUAL E IDENTIDAD DE GÉNERO,2024-01-22,ENCONTRADO,2024-01-31,2024,LUNES
NAPO,"-0,98527114","-77,81889764",13,MUJER,CAUSAS PERSONALES,CIRCUNSTANCIAL,2024-01-27,ENCONTRADO,2024-01-28,2024,SÁBADO
PASTAZA,"-1,486973342","-78,00863167",12,MUJER,CAUSAS PERSONALES,CIRCUNSTANCIAL,2024-01-02,ENCONTRADO,2024-01-03,2024,MARTES
PASTAZA,"-1,74744498","-77,77554784",15,MUJER,CAUSAS PERSONALES,CIRCUNSTANCIAL,2024-01-03,ENCONTRADO,2024-01-08,2024,MIÉRCOLES
PASTAZA,"-1,481591238","-77,91819875",35,HOMBRE,EXTRAVIADO - AUSENCIA TEMPORAL,HOSPITALIZADO,2024-01-03,ENCONTRADO,2024-01-06,2024,MIÉRCOLES
PASTAZA,"-1,150402271","-76,9852906",74,HOMBRE,CAUSAS PERSONALES,CIRCUNSTANCIAL,2024-01-03,ENCONTRADO,2024-01-05,2024,MIÉRCOLES
PASTAZA,"-1,491686448","-78,06797196",15,HOMBRE,CAUSAS SOCIALES,DROGADICCIÓN,2024-01-14,ENCONTRADO,2024-01-19,2024,DOMINGO
PASTAZA,"-1,510962118","-78,0030683",14,MUJER,CAUSAS PERSONALES,CIRCUNSTANCIAL,2024-01-18,ENCONTRADO,2024-02-17,2024,JUEVES
PASTAZA,"-1,491481441","-78,062291",13,MUJER,CAUSAS PERSONALES,CIRCUNSTANCIAL,2024-01-26,ENCONTRADO,2024-02-06,2024,VIERNES
PASTAZA,"-1,499880953","-78,06301487",14,MUJER,CAUSAS PERSONALES,CIRCUNSTANCIAL,2024-01-26,ENCONTRADO,2024-02-07,2024,VIERNES
PICHINCHA,"0,0411016","-78,2077368",15,MUJER,CAUSAS ACADÉMICAS,ACADÉMICO/ESCOLAR (RENDIMIENTO),2024-01-03,ENCONTRADO,2024-02-10,2024,MIÉRCOLES
PICHINCHA,"0,0425351","-78,1458804",31,HOMBRE,EXTRAVIADO - AUSENCIA TEMPORAL,ACCIDENTAL POR DESCUIDO  ,2024-01-06,ENCONTRADO,2024-01-08,2024,SÁBADO
PICHINCHA,"-0,4181156","-78,5149691",14,MUJER,CAUSAS SOCIALES,ALCOHOLISMO,2024-01-06,ENCONTRADO,2024-01-10,2024,SÁBADO
PICHINCHA,"-0,346762783","-78,42795464",13,HOMBRE,CAUSAS ACADÉMICAS,ACADÉMICO/ESCOLAR (RENDIMIENTO),2024-01-24,ENCONTRADO,2024-01-25,2024,MIÉRCOLES
PICHINCHA,"-0,343732915","-78,44446459",14,HOMBRE,CAUSAS PERSONALES,CIRCUNSTANCIAL,2024-01-30,ENCONTRADO,2024-02-01,2024,MARTES
PICHINCHA,"-0,3301626","-78,4510729",27,HOMBRE,EXTRAVIADO - DISCAPACIDAD / ENFERMEDADES / TRASTORNOS,DISCAPACIDAD INTELECTUAL,2024-01-04,ENCONTRADO,2024-02-15,2024,JUEVES
PICHINCHA,"-0,3329822","-78,4347925",17,MUJER,VIOLENCIA ,VIOLENCIA PSICOLÓGICA,2024-01-01,ENCONTRADO,2024-02-08,2024,LUNES
PICHINCHA,"-0,3301626","-78,4510729",38,MUJER,CAUSAS PERSONALES,RELACIÓN AFECTIVA,2024-01-20,ENCONTRADO,2024-02-14,2024,SÁBADO
PICHINCHA,"-0,3395201","-78,4380591",16,HOMBRE,CAUSAS ACADÉMICAS,ACADÉMICO/ESCOLAR (RENDIMIENTO),2024-01-26,ENCONTRADO,2024-02-08,2024,VIERNES
PICHINCHA,"-0,3428238","-78,454867",19,MUJER,CAUSAS PERSONALES,CIRCUNSTANCIAL,2024-01-04,ENCONTRADO,2024-02-14,2024,JUEVES
TUNGURAHUA,"-1,2666745","-78,6315332",14,MUJER,CAUSAS PERSONALES,RELACIÓN AFECTIVA,2024-01-26,ENCONTRADO,2024-02-15,2024,VIERNES
TUNGURAHUA,"-1,273640177","-78,61123687",20,HOMBRE,CAUSAS PERSONALES,CIRCUNSTANCIAL,2024-01-02,ENCONTRADO,2024-01-05,2024,MARTES
TUNGURAHUA,"-1,3478776","-78,6696576",18,HOMBRE,CAUSAS PERSONALES,CIRCUNSTANCIAL,2024-01-01,ENCONTRADO,2024-01-05,2024,LUNES
TUNGURAHUA,"-1,204716596","-78,53713989",17,MUJER,CAUSAS PERSONALES,CIRCUNSTANCIAL,2024-01-14,ENCONTRADO,2024-01-17,2024,DOMINGO
TUNGURAHUA,"-1,259914415","-78,62091064",16,MUJER,CAUSAS PERSONALES,CIRCUNSTANCIAL,2024-01-13,ENCONTRADO,2024-01-16,2024,SÁBADO
TUNGURAHUA,"-1,217255804","-78,68906021",60,HOMBRE,CAUSAS SOCIALES,ALCOHOLISMO,2024-01-09,ENCONTRADO,2024-01-19,2024,MARTES
TUNGURAHUA,"-1,293956215","-78,63324655",10,MUJER,CAUSAS PERSONALES,CIRCUNSTANCIAL,2024-01-18,ENCONTRADO,2024-01-22,2024,JUEVES
TUNGURAHUA,"-1,244655","-78,62220287",16,MUJER,CAUSAS PERSONALES,CIRCUNSTANCIAL,2024-01-22,ENCONTRADO,2024-01-24,2024,LUNES
TUNGURAHUA,"-1,245518145","-78,62985897",53,HOMBRE,CAUSAS PERSONALES,CIRCUNSTANCIAL,2024-01-19,ENCONTRADO,2024-01-25,2024,VIERNES
TUNGURAHUA,"-1,3278909","-78,5414156",15,HOMBRE,CAUSAS ACADÉMICAS,ACOSO ACADÉMICO/ESCOLAR,2024-01-23,ENCONTRADO,2024-01-25,2024,MARTES
TUNGURAHUA,"-1,1364087","-78,5944718",52,HOMBRE,CAUSAS SOCIALES,ROBO(ESCOPOLAMINA U OTRA DROGA ALUCINÓGENA ALTAMENTE TÓXICA),2024-01-23,ENCONTRADO,2024-01-26,2024,MARTES
TUNGURAHUA,"-1,316542162","-78,59561646",60,HOMBRE,CAUSAS PERSONALES,CIRCUNSTANCIAL,2024-01-26,ENCONTRADO,2024-01-30,2024,VIERNES
TUNGURAHUA,"-1,328980429","-78,54406741",43,HOMBRE,CAUSAS PERSONALES,CIRCUNSTANCIAL,2024-01-23,ENCONTRADO,2024-01-29,2024,MARTES
TUNGURAHUA,"-1,246597622","-78,62386356",15,MUJER,CAUSAS PERSONALES,CIRCUNSTANCIAL,2024-01-24,ENCONTRADO,2024-01-28,2024,MIÉRCOLES
TUNGURAHUA,"-1,269356739","-78,61242419",46,HOMBRE,CAUSAS SOCIALES,ROBO(ESCOPOLAMINA U OTRA DROGA ALUCINÓGENA ALTAMENTE TÓXICA),2024-01-26,ENCONTRADO,2024-01-29,2024,VIERNES
TUNGURAHUA,"-1,232228607","-78,61685188",18,MUJER,CAUSAS PERSONALES,CIRCUNSTANCIAL,2024-01-23,ENCONTRADO,2024-01-27,2024,MARTES
TUNGURAHUA,"-1,222874093","-78,66312325",47,HOMBRE,CAUSAS FAMILIARES,NO RELACIONADOS A VIOLENCIA,2024-01-23,ENCONTRADO,2024-02-20,2024,MARTES
TUNGURAHUA,"-1,229975637","-78,62606894",23,MUJER,CAUSAS SOCIALES,ROBO(ESCOPOLAMINA U OTRA DROGA ALUCINÓGENA ALTAMENTE TÓXICA),2024-01-31,ENCONTRADO,2024-02-02,2024,MIÉRCOLES
ZAMORA CHINCHIPE,"-3,895050451","-78,77979011",21,HOMBRE,CAUSAS SOCIALES,ROBO(ESCOPOLAMINA U OTRA DROGA ALUCINÓGENA ALTAMENTE TÓXICA),2024-01-01,ENCONTRADO,2024-01-09,2024,LUNES
ZAMORA CHINCHIPE,"-3,540574196","-78,53457155",14,MUJER,CAUSAS PERSONALES,CIRCUNSTANCIAL,2024-01-05,ENCONTRADO,2024-01-09,2024,VIERNES
ZAMORA CHINCHIPE,"-3,540574196","-78,53457155",13,HOMBRE,CAUSAS PERSONALES,CIRCUNSTANCIAL,2024-01-05,ENCONTRADO,2024-01-09,2024,VIERNES
ZAMORA CHINCHIPE,"-4,066491381","-78,94922409",15,HOMBRE,CAUSAS PERSONALES,CIRCUNSTANCIAL,2024-01-07,ENCONTRADO,2024-02-19,2024,DOMINGO
SUCUMBIOS,"-0,213371208","-76,74400637",16,MUJER,CAUSAS FAMILIARES,NO RELACIONADOS A VIOLENCIA,2024-01-05,ENCONTRADO,2024-02-15,2024,VIERNES
SUCUMBIOS,"0,066147341","-76,8754567",17,HOMBRE,CAUSAS PERSONALES,CIRCUNSTANCIAL,2024-01-10,ENCONTRADO,2024-01-13,2024,MIÉRCOLES
SUCUMBIOS,"0,098373221","-76,89338309",14,MUJER,CAUSAS PERSONALES,CIRCUNSTANCIAL,2024-01-10,ENCONTRADO,2024-01-13,2024,MIÉRCOLES
SUCUMBIOS,"0,072556929","-76,89222142",15,MUJER,CAUSAS PERSONALES,CIRCUNSTANCIAL,2024-01-12,ENCONTRADO,2024-01-29,2024,VIERNES
SUCUMBIOS,"0,097833876","-77,23172604",17,MUJER,CAUSAS PERSONALES,CIRCUNSTANCIAL,2024-01-14,ENCONTRADO,2024-01-19,2024,DOMINGO
SUCUMBIOS,"0,097833876","-77,23172604",9,MUJER,CAUSAS PERSONALES,CIRCUNSTANCIAL,2024-01-14,ENCONTRADO,2024-01-19,2024,DOMINGO
SUCUMBIOS,"-0,4116475","-76,6253865",16,MUJER,CAUSAS PERSONALES,CIRCUNSTANCIAL,2024-01-08,ENCONTRADO,2024-01-22,2024,LUNES
SUCUMBIOS,"0,066028942","-77,21623201",61,HOMBRE,FALLECIDO,ACCIDENTAL,2024-01-18,FALLECIDO,2024-02-02,2024,JUEVES
SUCUMBIOS,"0,071843746","-76,89523174",40,HOMBRE,CAUSAS PERSONALES,CIRCUNSTANCIAL,2024-01-26,ENCONTRADO,2024-02-02,2024,VIERNES
SUCUMBIOS,"-0,412731123","-76,62545823",47,MUJER,CAUSAS FAMILIARES,NO RELACIONADOS A VIOLENCIA,2024-01-29,ENCONTRADO,2024-02-05,2024,LUNES
SANTO DOMINGO DE LOS TSACHILAS,"-0,2567827","-79,2181753",14,MUJER,CAUSAS PERSONALES,CIRCUNSTANCIAL,2024-01-03,ENCONTRADO,2024-01-04,2024,MIÉRCOLES
SANTO DOMINGO DE LOS TSACHILAS,"-0,2428602","-79,161878",17,MUJER,CAUSAS PERSONALES,CIRCUNSTANCIAL,2024-01-01,ENCONTRADO,2024-01-10,2024,LUNES
SANTO DOMINGO DE LOS TSACHILAS,"-0,6408579","-79,2300984",26,HOMBRE,FALLECIDO,HOMICIDIO,2024-01-05,FALLECIDO,2024-01-08,2024,VIERNES
SANTO DOMINGO DE LOS TSACHILAS,"-0,2261509","-79,1656785",15,MUJER,CAUSAS PERSONALES,CIRCUNSTANCIAL,2024-01-05,ENCONTRADO,2024-01-23,2024,VIERNES
SANTO DOMINGO DE LOS TSACHILAS,"-0,275964355","-79,19205369",14,MUJER,CAUSAS PERSONALES,CIRCUNSTANCIAL,2024-01-11,ENCONTRADO,2024-01-14,2024,JUEVES
SANTO DOMINGO DE LOS TSACHILAS,"-0,2634574","-79,1892682",14,MUJER,CAUSAS PERSONALES,CIRCUNSTANCIAL,2024-01-12,ENCONTRADO,2024-01-25,2024,VIERNES
SANTO DOMINGO DE LOS TSACHILAS,"-0,4065073","-79,3028933",36,HOMBRE,FALLECIDO,ACCIDENTAL,2024-01-08,FALLECIDO,2024-01-09,2024,LUNES
SANTO DOMINGO DE LOS TSACHILAS,"-0,2563202","-79,2118707",17,MUJER,CAUSAS PERSONALES,RELACIÓN AFECTIVA,2024-01-23,ENCONTRADO,2024-02-04,2024,MARTES
SANTO DOMINGO DE LOS TSACHILAS,"-0,258843018","-79,18106318",16,MUJER,CAUSAS FAMILIARES,NO RELACIONADOS A VIOLENCIA,2024-01-28,ENCONTRADO,2024-02-03,2024,DOMINGO
SANTO DOMINGO DE LOS TSACHILAS,"-0,2521882","-79,1879383",15,MUJER,CAUSAS PERSONALES,CIRCUNSTANCIAL,2024-01-23,ENCONTRADO,2024-02-20,2024,MARTES
SANTO DOMINGO DE LOS TSACHILAS,"-0,2529412","-79,1498637",14,MUJER,CAUSAS FAMILIARES,NO RELACIONADOS A VIOLENCIA,2024-01-29,ENCONTRADO,2024-02-18,2024,LUNES
SANTO DOMINGO DE LOS TSACHILAS,"-0,2568834","-79,1694267",66,MUJER,CAUSAS PERSONALES,CIRCUNSTANCIAL,2024-01-26,ENCONTRADO,2024-02-19,2024,VIERNES
SANTO DOMINGO DE LOS TSACHILAS,"-0,2313345","-79,1730018",13,MUJER,CAUSAS PERSONALES,CIRCUNSTANCIAL,2024-01-29,ENCONTRADO,2024-01-30,2024,LUNES
SANTO DOMINGO DE LOS TSACHILAS,"-0,311983","-79,0284839",14,MUJER,CAUSAS PERSONALES,CIRCUNSTANCIAL,2024-01-31,ENCONTRADO,2024-02-09,2024,MIÉRCOLES
SANTO DOMINGO DE LOS TSACHILAS,"-0,054894768","-79,44428054",15,MUJER,CAUSAS PERSONALES,CIRCUNSTANCIAL,2024-01-26,ENCONTRADO,2024-02-07,2024,VIERNES
SANTA ELENA,"-2,315262722","-80,88290268",15,MUJER,CAUSAS PERSONALES,CIRCUNSTANCIAL,2024-01-01,ENCONTRADO,2024-01-04,2024,LUNES
SANTA ELENA,"-2,233435326","-80,90164661",15,HOMBRE,CAUSAS PERSONALES,CIRCUNSTANCIAL,2024-01-03,ENCONTRADO,2024-01-05,2024,MIÉRCOLES
SANTA ELENA,"-2,233435326","-80,90164661",16,MUJER,CAUSAS PERSONALES,CIRCUNSTANCIAL,2024-01-06,ENCONTRADO,2024-01-10,2024,SÁBADO
SANTA ELENA,"-1,75957","-80,768945",53,HOMBRE,FALLECIDO,ACCIDENTAL,2024-01-03,FALLECIDO,2024-01-07,2024,MIÉRCOLES
SANTA ELENA,"-2,1418933","-80,777117",66,MUJER,EXTRAVIADO - DISCAPACIDAD / ENFERMEDADES / TRASTORNOS,DISCAPACIDAD INTELECTUAL,2024-01-21,ENCONTRADO,2024-01-23,2024,DOMINGO
SANTA ELENA,"-2,239631399","-80,8514501",15,HOMBRE,CAUSAS PERSONALES,CIRCUNSTANCIAL,2024-01-29,ENCONTRADO,2024-01-30,2024,LUNES
SANTA ELENA,"-2,223328622","-80,87584716",17,HOMBRE,CAUSAS PERSONALES,CIRCUNSTANCIAL,2024-01-28,ENCONTRADO,2024-02-02,2024,DOMINGO
PICHINCHA,"-0,312168246","-78,56217228",12,MUJER,CAUSAS PERSONALES,RELACIÓN AFECTIVA,2024-01-24,ENCONTRADO,2024-02-13,2024,MIÉRCOLES
PICHINCHA,"-0,2331962","-78,5323021",15,MUJER,CAUSAS FAMILIARES,NO RELACIONADOS A VIOLENCIA,2024-01-17,ENCONTRADO,2024-02-13,2024,MIÉRCOLES
PICHINCHA,"-0,268789827","-78,54053021",14,MUJER,CAUSAS PERSONALES,CIRCUNSTANCIAL,2024-01-31,ENCONTRADO,2024-02-06,2024,MIÉRCOLES
PICHINCHA,"-0,1263109","-78,4860723",61,HOMBRE,CAUSAS PERSONALES,CIRCUNSTANCIAL,2024-01-02,ENCONTRADO,2024-01-02,2024,MARTES
PICHINCHA,"-0,1380411","-78,479912",81,HOMBRE,CAUSAS PERSONALES,CIRCUNSTANCIAL,2024-01-02,ENCONTRADO,2024-01-03,2024,MARTES
PICHINCHA,"-0,2468332","-78,496022",28,HOMBRE,FALLECIDO,NO DETERMINADA,2024-01-02,FALLECIDO,2024-01-16,2024,MARTES
PICHINCHA,"-0,2188216","-78,5135489",38,HOMBRE,CAUSAS PERSONALES,CIRCUNSTANCIAL,2024-01-03,ENCONTRADO,2024-01-24,2024,MIÉRCOLES
PICHINCHA,"-0,2468332","-78,496022",16,HOMBRE,CAUSAS PERSONALES,CIRCUNSTANCIAL,2024-01-02,ENCONTRADO,2024-01-17,2024,MARTES
PICHINCHA,"-0,2550856","-78,5528123",30,HOMBRE,CAUSAS PERSONALES,CIRCUNSTANCIAL,2024-01-01,ENCONTRADO,2024-01-04,2024,LUNES
PICHINCHA,"-0,2277852","-78,4855568",15,HOMBRE,CAUSAS PERSONALES,CIRCUNSTANCIAL,2024-01-04,ENCONTRADO,2024-01-06,2024,JUEVES
PICHINCHA,"-0,2523434","-78,5228883",37,HOMBRE,FALLECIDO,NO DETERMINADA,2024-01-03,FALLECIDO,2024-01-04,2024,MIÉRCOLES
PICHINCHA,"-0,0903553","-78,5192298",13,HOMBRE,CAUSAS SOCIALES,DROGADICCIÓN,2024-01-04,ENCONTRADO,2024-01-06,2024,JUEVES
PICHINCHA,"-0,2179066","-78,4922176",1,MUJER,EXTRAVIADO - DISCAPACIDAD / ENFERMEDADES / TRASTORNOS,DISCAPACIDAD PSICOSOCIAL ,2024-01-03,ENCONTRADO,2024-01-09,2024,MIÉRCOLES
PICHINCHA,"-0,2179066","-78,4922176",24,MUJER,EXTRAVIADO - DISCAPACIDAD / ENFERMEDADES / TRASTORNOS,DISCAPACIDAD PSICOSOCIAL ,2024-01-03,ENCONTRADO,2024-01-09,2024,MIÉRCOLES
PICHINCHA,"-0,2885069","-78,5317666",7,HOMBRE,CAUSAS PERSONALES,CIRCUNSTANCIAL,2024-01-04,ENCONTRADO,2024-01-05,2024,JUEVES
PICHINCHA,"-0,1237482","-78,4985018",19,HOMBRE,CAUSAS PERSONALES,CIRCUNSTANCIAL,2024-01-05,ENCONTRADO,2024-01-06,2024,VIERNES
PICHINCHA,"-0,190617","-78,4972512",83,MUJER,EXTRAVIADO - DISCAPACIDAD / ENFERMEDADES / TRASTORNOS,DISCAPACIDAD PSICOSOCIAL ,2024-01-06,ENCONTRADO,2024-01-06,2024,SÁBADO
PICHINCHA,"-0,30643018","-78,56256922",18,HOMBRE,CAUSAS PERSONALES,CIRCUNSTANCIAL,2024-01-02,ENCONTRADO,2024-01-05,2024,MARTES
PICHINCHA,"-0,085353224","-78,46917808",56,HOMBRE,CAUSAS PERSONALES,CIRCUNSTANCIAL,2024-01-06,ENCONTRADO,2024-01-07,2024,SÁBADO
PICHINCHA,"-0,093984562","-78,45105171",13,MUJER,CAUSAS ACADÉMICAS,ACADÉMICO/ESCOLAR (RENDIMIENTO),2024-01-07,ENCONTRADO,2024-01-10,2024,DOMINGO
PICHINCHA,"-0,307007347","-78,5015495",85,MUJER,EXTRAVIADO - DISCAPACIDAD / ENFERMEDADES / TRASTORNOS,DISCAPACIDAD PSICOSOCIAL ,2024-01-05,ENCONTRADO,2024-01-20,2024,VIERNES
PICHINCHA,"-0,281506592","-78,54091744",18,MUJER,CAUSAS PERSONALES,CIRCUNSTANCIAL,2024-01-08,ENCONTRADO,2024-01-09,2024,LUNES
PICHINCHA,"-0,0839886","-78,5087676",14,MUJER,CAUSAS PERSONALES,CIRCUNSTANCIAL,2024-01-09,ENCONTRADO,2024-01-16,2024,MARTES
PICHINCHA,"-0,2631073","-78,5292255",40,HOMBRE,CAUSAS SOCIALES,ALCOHOLISMO,2024-01-06,ENCONTRADO,2024-01-11,2024,SÁBADO
PICHINCHA,"-0,2697362","-78,5414634",15,MUJER,CAUSAS PERSONALES,CIRCUNSTANCIAL,2024-01-08,ENCONTRADO,2024-01-10,2024,LUNES
PICHINCHA,"-0,2560428","-78,5447922",20,HOMBRE,CAUSAS PERSONALES,CIRCUNSTANCIAL,2024-01-05,ENCONTRADO,2024-01-09,2024,VIERNES
PICHINCHA,"-0,209149","-78,4986485",13,MUJER,CAUSAS PERSONALES,CIRCUNSTANCIAL,2024-01-07,ENCONTRADO,2024-01-11,2024,DOMINGO
PICHINCHA,"-0,2671402","-78,5367609",39,HOMBRE,CAUSAS SOCIALES,ROBO(ESCOPOLAMINA U OTRA DROGA ALUCINÓGENA ALTAMENTE TÓXICA),2024-01-10,ENCONTRADO,2024-01-10,2024,MIÉRCOLES
PICHINCHA,"-0,2550856","-78,5528123",19,MUJER,EXTRAVIADO - DISCAPACIDAD / ENFERMEDADES / TRASTORNOS,DISCAPACIDAD INTELECTUAL,2024-01-09,ENCONTRADO,2024-01-11,2024,MARTES
PICHINCHA,"-0,2856211","-78,5650431",39,HOMBRE,CAUSAS PERSONALES,CIRCUNSTANCIAL,2024-01-10,ENCONTRADO,2024-01-15,2024,MIÉRCOLES
PICHINCHA,"-0,245266","-78,5234903",15,MUJER,CAUSAS ACADÉMICAS,ACADÉMICO/ESCOLAR (RENDIMIENTO),2024-01-11,ENCONTRADO,2024-01-11,2024,JUEVES
PICHINCHA,"-0,3155929","-78,5659376",15,HOMBRE,CAUSAS PERSONALES,CIRCUNSTANCIAL,2024-01-03,ENCONTRADO,2024-01-09,2024,MIÉRCOLES
PICHINCHA,"-0,2924362","-78,5220701",32,HOMBRE,CAUSAS SOCIALES,ROBO(ESCOPOLAMINA U OTRA DROGA ALUCINÓGENA ALTAMENTE TÓXICA),2024-01-10,ENCONTRADO,2024-01-12,2024,MIÉRCOLES
PICHINCHA,"-0,2797677","-78,5149691",17,MUJER,CAUSAS PERSONALES,CIRCUNSTANCIAL,2024-01-04,ENCONTRADO,2024-01-12,2024,JUEVES
PICHINCHA,"-0,2181048","-78,5126719",34,HOMBRE,CAUSAS SOCIALES,ALCOHOLISMO,2024-01-12,ENCONTRADO,2024-01-13,2024,VIERNES
PICHINCHA,"-0,3069491","-78,5018999",40,HOMBRE,CAUSAS SOCIALES,ALCOHOLISMO,2024-01-12,ENCONTRADO,2024-01-15,2024,VIERNES
PICHINCHA,"-0,1054104","-78,5133372",25,HOMBRE,CAUSAS PERSONALES,CIRCUNSTANCIAL,2024-01-15,ENCONTRADO,2024-01-18,2024,LUNES
PICHINCHA,"-0,2726816","-78,5238191",20,MUJER,CAUSAS SOCIALES,ALCOHOLISMO,2024-01-15,ENCONTRADO,2024-01-16,2024,LUNES
PICHINCHA,"-0,295973606","-78,54964326",16,MUJER,CAUSAS PERSONALES,CIRCUNSTANCIAL,2024-01-08,ENCONTRADO,2024-01-12,2024,LUNES
PICHINCHA,"-0,2178568","-78,4852702",41,HOMBRE,CAUSAS PERSONALES,CIRCUNSTANCIAL,2024-01-14,ENCONTRADO,2024-01-17,2024,DOMINGO
PICHINCHA,"-0,2550856","-78,5528123",27,HOMBRE,CAUSAS PERSONALES,CIRCUNSTANCIAL,2024-01-03,ENCONTRADO,2024-01-15,2024,MIÉRCOLES
PICHINCHA,"-0,2949217","-78,5628897",81,MUJER,FALLECIDO,NO DETERMINADA,2024-01-13,FALLECIDO,2024-01-29,2024,SÁBADO
PICHINCHA,"-0,3085631","-78,5277506",23,MUJER,CAUSAS FAMILIARES,NO RELACIONADOS A VIOLENCIA,2024-01-07,ENCONTRADO,2024-01-30,2024,DOMINGO
PICHINCHA,"-0,0813919","-78,476133",14,MUJER,CAUSAS PERSONALES,CIRCUNSTANCIAL,2024-01-19,ENCONTRADO,2024-01-21,2024,VIERNES
PICHINCHA,"-0,125122281","-78,36061586",54,HOMBRE,CAUSAS PERSONALES,CIRCUNSTANCIAL,2024-01-19,ENCONTRADO,2024-01-20,2024,VIERNES
PICHINCHA,"-0,1577503","-78,438969",20,MUJER,CAUSAS PERSONALES,CIRCUNSTANCIAL,2024-01-15,ENCONTRADO,2024-01-20,2024,LUNES
PICHINCHA,"-0,29024791","-78,55086456",12,HOMBRE,CAUSAS PERSONALES,CIRCUNSTANCIAL,2024-01-20,ENCONTRADO,2024-01-20,2024,SÁBADO
PICHINCHA,"-0,25702783","-78,55332522",28,HOMBRE,CAUSAS PERSONALES,CIRCUNSTANCIAL,2024-01-20,ENCONTRADO,2024-01-20,2024,SÁBADO
PICHINCHA,"-0,257319539","-78,5419035",15,MUJER,CAUSAS PERSONALES,CIRCUNSTANCIAL,2024-01-20,ENCONTRADO,2024-01-21,2024,SÁBADO
PICHINCHA,"-0,162925507","-78,48023315",13,MUJER,CAUSAS PERSONALES,CIRCUNSTANCIAL,2024-01-20,ENCONTRADO,2024-01-24,2024,SÁBADO
PICHINCHA,"-0,195078086","-78,50828294",16,MUJER,CAUSAS PERSONALES,CIRCUNSTANCIAL,2024-01-14,ENCONTRADO,2024-01-22,2024,DOMINGO
PICHINCHA,"-0,1211514","-78,4628426",16,HOMBRE,CAUSAS PERSONALES,CIRCUNSTANCIAL,2024-01-21,ENCONTRADO,2024-01-27,2024,DOMINGO
PICHINCHA,"-0,1670362","-78,3187871",29,HOMBRE,CAUSAS SOCIALES,Grupos Delictivos Organizados/GDOS/PANDILLAS/MAFIAS/CARTELES,2024-01-22,ENCONTRADO,2024-01-23,2024,LUNES
PICHINCHA,"-0,2142238","-78,5107083",10,MUJER,CAUSAS PERSONALES,CIRCUNSTANCIAL,2024-01-22,ENCONTRADO,2024-01-22,2024,LUNES
PICHINCHA,"-0,2142238","-78,5107083",12,HOMBRE,CAUSAS PERSONALES,CIRCUNSTANCIAL,2024-01-22,ENCONTRADO,2024-01-22,2024,LUNES
PICHINCHA,"-2,42E-01","-78,5277506",23,HOMBRE,CAUSAS SOCIALES,ALCOHOLISMO,2024-01-20,ENCONTRADO,2024-01-23,2024,SÁBADO
PICHINCHA,"-0,224564693","-78,51671219",55,MUJER,EXTRAVIADO - DISCAPACIDAD / ENFERMEDADES / TRASTORNOS,DISCAPACIDAD INTELECTUAL,2024-01-23,ENCONTRADO,2024-01-24,2024,MARTES
PICHINCHA,"-0,203444141","-78,44110171",15,MUJER,CAUSAS PERSONALES,CIRCUNSTANCIAL,2024-01-12,ENCONTRADO,2024-01-25,2024,VIERNES
PICHINCHA,"-0,3091382","-78,5627244",15,HOMBRE,CAUSAS PERSONALES,CIRCUNSTANCIAL,2024-01-08,ENCONTRADO,2024-02-05,2024,LUNES
PICHINCHA,"-0,29911","-78,5728277",22,MUJER,CAUSAS PERSONALES,CIRCUNSTANCIAL,2024-01-20,ENCONTRADO,2024-01-27,2024,SÁBADO
PICHINCHA,"-0,2986188","-78,4809055",84,HOMBRE,EXTRAVIADO - AUSENCIA TEMPORAL,HOSPITALIZADO,2024-01-21,ENCONTRADO,2024-01-25,2024,DOMINGO
PICHINCHA,"-0,1624968","-78,4740182",16,MUJER,CAUSAS PERSONALES,CIRCUNSTANCIAL,2024-01-24,ENCONTRADO,2024-01-25,2024,MIÉRCOLES
PICHINCHA,"-0,3375648","-78,4812373",17,MUJER,CAUSAS PERSONALES,CIRCUNSTANCIAL,2024-01-22,ENCONTRADO,2024-01-28,2024,LUNES
PICHINCHA,"-0,1181102","-78,4404961",88,MUJER,EXTRAVIADO - DISCAPACIDAD / ENFERMEDADES / TRASTORNOS,DISCAPACIDAD INTELECTUAL,2024-01-26,ENCONTRADO,2024-01-27,2024,VIERNES
PICHINCHA,"-0,1580217","-78,4727994",52,HOMBRE,CAUSAS SOCIALES,DETENCIÓN ,2024-01-26,ENCONTRADO,2024-01-27,2024,VIERNES
PICHINCHA,"-0,2006288","-78,5023889",22,MUJER,CAUSAS SOCIALES,ROBO(ESCOPOLAMINA U OTRA DROGA ALUCINÓGENA ALTAMENTE TÓXICA),2024-01-26,ENCONTRADO,2024-01-27,2024,VIERNES
PICHINCHA,"-0,092638095","-78,44958723",15,MUJER,CAUSAS SOCIALES,Grupos Delictivos Organizados/GDOS/PANDILLAS/MAFIAS/CARTELES,2024-01-13,ENCONTRADO,2024-02-20,2024,SÁBADO
PICHINCHA,"-0,327644","-78,5673547",70,HOMBRE,CAUSAS SOCIALES,ROBO(ESCOPOLAMINA U OTRA DROGA ALUCINÓGENA ALTAMENTE TÓXICA),2024-01-24,ENCONTRADO,2024-02-01,2024,MIÉRCOLES
PICHINCHA,"-0,0915446","-78,5120547",13,MUJER,VIOLENCIA ,VIOLENCIA PSICOLÓGICA,2024-01-22,ENCONTRADO,2024-01-26,2024,LUNES
PICHINCHA,"-0,24411","-78,5163894",14,MUJER,CAUSAS PERSONALES,CIRCUNSTANCIAL,2024-01-20,ENCONTRADO,2024-01-26,2024,SÁBADO
PICHINCHA,"-0,1644228","-78,4634641",35,MUJER,EXTRAVIADO - DISCAPACIDAD / ENFERMEDADES / TRASTORNOS,DISCAPACIDAD INTELECTUAL,2024-01-28,ENCONTRADO,2024-01-31,2024,DOMINGO
PICHINCHA,"-0,1856471","-78,5152689",32,HOMBRE,CAUSAS PERSONALES,CIRCUNSTANCIAL,2024-01-20,ENCONTRADO,2024-02-05,2024,SÁBADO
PICHINCHA,"-0,129442","-78,5105978",22,HOMBRE,CAUSAS PERSONALES,CIRCUNSTANCIAL,2024-01-29,ENCONTRADO,2024-01-30,2024,LUNES
PICHINCHA,"-0,3518086","-78,5525987",16,MUJER,CAUSAS PERSONALES,CIRCUNSTANCIAL,2024-01-29,ENCONTRADO,2024-01-30,2024,LUNES
PICHINCHA,"-0,1088383","-78,4297196",14,MUJER,CAUSAS PERSONALES,CIRCUNSTANCIAL,2024-01-27,ENCONTRADO,2024-02-05,2024,SÁBADO
PICHINCHA,"-0,188956","-78,5078677",51,HOMBRE,CAUSAS SOCIALES,ROBO(ESCOPOLAMINA U OTRA DROGA ALUCINÓGENA ALTAMENTE TÓXICA),2024-01-30,ENCONTRADO,2024-01-31,2024,MARTES
PICHINCHA,"-0,176791805","-78,48549868",35,HOMBRE,CAUSAS SOCIALES,ROBO(ESCOPOLAMINA U OTRA DROGA ALUCINÓGENA ALTAMENTE TÓXICA),2024-01-30,ENCONTRADO,2024-02-01,2024,MARTES
PICHINCHA,"-0,261031678","-78,51960897",16,MUJER,CAUSAS PERSONALES,CIRCUNSTANCIAL,2024-01-30,ENCONTRADO,2024-02-01,2024,MARTES
PICHINCHA,"-0,0795398","-78,4485114",21,HOMBRE,CAUSAS PERSONALES,CIRCUNSTANCIAL,2024-01-29,ENCONTRADO,2024-02-06,2024,LUNES
PICHINCHA,"-0,1267887","-78,4976399",17,MUJER,CAUSAS PERSONALES,CIRCUNSTANCIAL,2024-01-26,ENCONTRADO,2024-02-07,2024,VIERNES
PICHINCHA,"-0,2067003","-78,4827866",17,HOMBRE,CAUSAS PERSONALES,CIRCUNSTANCIAL,2024-01-31,ENCONTRADO,2024-02-09,2024,MIÉRCOLES
PICHINCHA,"-0,2636744","-78,4882479",15,MUJER,CAUSAS PERSONALES,CIRCUNSTANCIAL,2024-01-21,ENCONTRADO,2024-01-31,2024,DOMINGO
PICHINCHA,"-0,1487946","-78,5064473",14,MUJER,CAUSAS PERSONALES,CIRCUNSTANCIAL,2024-01-27,ENCONTRADO,2024-02-06,2024,SÁBADO
PICHINCHA,"-0,2204251","-78,52499",16,MUJER,CAUSAS PERSONALES,CIRCUNSTANCIAL,2024-01-21,ENCONTRADO,2024-02-05,2024,DOMINGO
PICHINCHA,"-0,220124","-78,512081",39,HOMBRE,CAUSAS SOCIALES,DROGADICCIÓN,2024-01-25,ENCONTRADO,2024-02-19,2024,JUEVES
PICHINCHA,"-0,245266","-78,5234903",1,HOMBRE,CAUSAS FAMILIARES,NO RELACIONADOS A VIOLENCIA,2024-01-31,ENCONTRADO,2024-02-09,2024,MIÉRCOLES
PICHINCHA,"-0,2987692","-78,5227802",14,MUJER,CAUSAS PERSONALES,CIRCUNSTANCIAL,2024-01-27,ENCONTRADO,2024-02-05,2024,SÁBADO
GUAYAS,"-2,0988723","-79,9542438",38,HOMBRE,FALLECIDO,ASESINATO,2024-01-01,FALLECIDO,2024-01-29,2024,LUNES
GUAYAS,"-2,2402791","-79,9220686",29,HOMBRE,EXTRAVIADO - AUSENCIA TEMPORAL,ACCIDENTADO,2024-01-02,ENCONTRADO,2024-02-01,2024,MARTES
GUAYAS,"-2,1138988","-79,899003",20,MUJER,CAUSAS PERSONALES,CIRCUNSTANCIAL,2024-01-01,ENCONTRADO,2024-02-21,2024,LUNES
GUAYAS,"-2,2372629","-79,9241673",26,MUJER,VIOLENCIA ,VIOLENCIA PSICOLÓGICA,2024-01-01,ENCONTRADO,2024-01-17,2024,LUNES
GUAYAS,"-2,1735445","-79,8838475",54,HOMBRE,CAUSAS SOCIALES,ALCOHOLISMO,2024-01-01,ENCONTRADO,2024-01-23,2024,LUNES
GUAYAS,"-2,1894128","-79,8890662",16,MUJER,CAUSAS PERSONALES,CIRCUNSTANCIAL,2024-01-05,ENCONTRADO,2024-01-10,2024,VIERNES
GUAYAS,"-2,22386616","-79,93892537",14,MUJER,CAUSAS PERSONALES,CIRCUNSTANCIAL,2024-01-04,ENCONTRADO,2024-01-19,2024,JUEVES
GUAYAS,"-2,063751235","-79,89113974",70,HOMBRE,CAUSAS SOCIALES,ROBO(ESCOPOLAMINA U OTRA DROGA ALUCINÓGENA ALTAMENTE TÓXICA),2024-01-08,ENCONTRADO,2024-01-09,2024,LUNES
GUAYAS,"-2,255547065","-79,9011632",14,MUJER,CAUSAS PERSONALES,CIRCUNSTANCIAL,2024-01-06,ENCONTRADO,2024-01-23,2024,SÁBADO
GUAYAS,"-2,1065825","-79,9709385",26,HOMBRE,CAUSAS SOCIALES,DROGADICCIÓN,2024-01-05,ENCONTRADO,2024-01-21,2024,VIERNES
GUAYAS,"-2,133111337","-79,93408004",34,HOMBRE,CAUSAS PERSONALES,CIRCUNSTANCIAL,2024-01-08,ENCONTRADO,2024-01-22,2024,LUNES
GUAYAS,"-2,194132968","-79,92007455",14,MUJER,CAUSAS PERSONALES,CIRCUNSTANCIAL,2024-01-06,ENCONTRADO,2024-01-16,2024,SÁBADO
GUAYAS,"-2,283761278","-79,88570442",16,HOMBRE,CAUSAS SOCIALES,Grupos Delictivos Organizados/GDOS/PANDILLAS/MAFIAS/CARTELES,2024-01-05,ENCONTRADO,2024-02-04,2024,VIERNES
GUAYAS,"-2,20239189","-79,91658756",22,HOMBRE,CAUSAS PERSONALES,CIRCUNSTANCIAL,2024-01-08,ENCONTRADO,2024-01-18,2024,LUNES
GUAYAS,"-2,2840098","-79,8847104",15,MUJER,CAUSAS PERSONALES,CIRCUNSTANCIAL,2024-01-12,ENCONTRADO,2024-01-25,2024,VIERNES
GUAYAS,"-2,1284925","-79,9064859",25,MUJER,CAUSAS SOCIALES,ROBO(ESCOPOLAMINA U OTRA DROGA ALUCINÓGENA ALTAMENTE TÓXICA),2024-01-12,ENCONTRADO,2024-01-17,2024,VIERNES
GUAYAS,"-2,1281042","-79,9407853",32,MUJER,CAUSAS PERSONALES,CIRCUNSTANCIAL,2024-01-12,ENCONTRADO,2024-01-29,2024,VIERNES
GUAYAS,"-2,2749967","-79,8955214",13,HOMBRE,VIOLENCIA ,VIOLENCIA FÍSICA,2024-01-13,ENCONTRADO,2024-01-25,2024,SÁBADO
GUAYAS,"-2,106176361","-79,97574381",21,HOMBRE,CAUSAS PERSONALES,CIRCUNSTANCIAL,2024-01-13,ENCONTRADO,2024-01-16,2024,SÁBADO
GUAYAS,"-2,1323186","-79,8926809",28,HOMBRE,CAUSAS SOCIALES,DROGADICCIÓN,2024-01-08,ENCONTRADO,2024-01-27,2024,LUNES
GUAYAS,"-2,117589032","-79,96945143",16,MUJER,CAUSAS PERSONALES,CIRCUNSTANCIAL,2024-01-08,ENCONTRADO,2024-01-21,2024,LUNES
GUAYAS,"-2,224539282","-79,92709537",14,HOMBRE,VIOLENCIA ,VIOLENCIA PSICOLÓGICA,2024-01-13,ENCONTRADO,2024-01-19,2024,SÁBADO
GUAYAS,"-1,9852795","-79,9870368",12,MUJER,CAUSAS PERSONALES,CIRCUNSTANCIAL,2024-01-16,ENCONTRADO,2024-01-21,2024,MARTES
GUAYAS,"-2,1258862","-79,8979523",36,HOMBRE,CAUSAS SOCIALES,DROGADICCIÓN,2024-01-08,ENCONTRADO,2024-02-03,2024,LUNES
GUAYAS,"-2,2028553","-79,9116221",36,HOMBRE,CAUSAS PERSONALES,CIRCUNSTANCIAL,2024-01-16,ENCONTRADO,2024-01-21,2024,MARTES
GUAYAS,"-2,1347306","-79,901155",22,HOMBRE,CAUSAS SOCIALES,DROGADICCIÓN,2024-01-15,ENCONTRADO,2024-01-20,2024,LUNES
GUAYAS,"-2,125810703","-79,92321582",49,HOMBRE,CAUSAS PERSONALES,CIRCUNSTANCIAL,2024-01-05,ENCONTRADO,2024-01-25,2024,VIERNES
GUAYAS,"-2,228160696","-79,94211841",47,HOMBRE,CAUSAS SOCIALES,ROBO(ESCOPOLAMINA U OTRA DROGA ALUCINÓGENA ALTAMENTE TÓXICA),2024-01-18,ENCONTRADO,2024-02-03,2024,JUEVES
GUAYAS,"-2,07227157","-79,93827627",19,HOMBRE,CAUSAS SOCIALES,DROGADICCIÓN,2024-01-11,ENCONTRADO,2024-01-23,2024,JUEVES
GUAYAS,"-2,262293259","-79,87650304",15,MUJER,CAUSAS PERSONALES,CIRCUNSTANCIAL,2024-01-17,ENCONTRADO,2024-01-22,2024,MIÉRCOLES
GUAYAS,"-2,2402791","-79,9220686",29,HOMBRE,CAUSAS SOCIALES,DROGADICCIÓN,2024-01-05,ENCONTRADO,2024-02-06,2024,VIERNES
GUAYAS,"-2,225554924","-79,93454476",17,HOMBRE,CAUSAS PERSONALES,CIRCUNSTANCIAL,2024-01-14,ENCONTRADO,2024-01-23,2024,DOMINGO
GUAYAS,"-2,1225293","-80,000135",59,HOMBRE,EXTRAVIADO - DISCAPACIDAD / ENFERMEDADES / TRASTORNOS,DISCAPACIDAD PSICOSOCIAL ,2024-01-02,ENCONTRADO,2024-01-20,2024,MARTES
GUAYAS,"-2,0735638","-79,9399215",17,MUJER,CAUSAS PERSONALES,CIRCUNSTANCIAL,2024-01-06,ENCONTRADO,2024-01-20,2024,SÁBADO
GUAYAS,"-2,1894128","-79,8890662",16,HOMBRE,CAUSAS PERSONALES,CIRCUNSTANCIAL,2024-01-18,ENCONTRADO,2024-02-04,2024,JUEVES
GUAYAS,"-2,126711504","-79,89129213",15,MUJER,CAUSAS PERSONALES,CIRCUNSTANCIAL,2024-01-21,ENCONTRADO,2024-01-21,2024,DOMINGO
GUAYAS,"-2,0735638","-79,9399215",2,HOMBRE,CAUSAS PERSONALES,CIRCUNSTANCIAL,2024-01-06,ENCONTRADO,2024-01-20,2024,SÁBADO
GUAYAS,"-2,2305517","-79,9022709",52,MUJER,CAUSAS PERSONALES,CIRCUNSTANCIAL,2024-01-21,ENCONTRADO,2024-01-25,2024,DOMINGO
GUAYAS,"-2,2279347","-79,8879637",31,HOMBRE,CAUSAS SOCIALES,ROBO(ESCOPOLAMINA U OTRA DROGA ALUCINÓGENA ALTAMENTE TÓXICA),2024-01-14,ENCONTRADO,2024-02-01,2024,DOMINGO
GUAYAS,"-2,2277542","-79,9395439",12,MUJER,CAUSAS PERSONALES,CIRCUNSTANCIAL,2024-01-20,ENCONTRADO,2024-01-23,2024,SÁBADO
GUAYAS,"-2,1035171","-79,9559316",21,HOMBRE,CAUSAS PERSONALES,CIRCUNSTANCIAL,2024-01-22,ENCONTRADO,2024-02-04,2024,LUNES
GUAYAS,"-2,195652476","-79,88663255",46,HOMBRE,CAUSAS SOCIALES,ROBO(ESCOPOLAMINA U OTRA DROGA ALUCINÓGENA ALTAMENTE TÓXICA),2024-01-05,ENCONTRADO,2024-01-22,2024,VIERNES
GUAYAS,"-2,181150958","-79,85328913",18,MUJER,CAUSAS PERSONALES,CIRCUNSTANCIAL,2024-01-10,ENCONTRADO,2024-01-24,2024,MIÉRCOLES
GUAYAS,"-2,12373724","-80,01617432",14,MUJER,CAUSAS PERSONALES,CIRCUNSTANCIAL,2024-01-18,ENCONTRADO,2024-01-26,2024,JUEVES
GUAYAS,"-2,0970306","-79,9462793",42,HOMBRE,FALLECIDO,ASESINATO,2024-01-24,FALLECIDO,2024-01-29,2024,MIÉRCOLES
GUAYAS,"-2,2840098","-79,8847104",14,MUJER,CAUSAS PERSONALES,CIRCUNSTANCIAL,2024-01-23,ENCONTRADO,2024-01-30,2024,MARTES
GUAYAS,"-2,1690471","-79,9066383",14,MUJER,CAUSAS PERSONALES,CIRCUNSTANCIAL,2024-01-24,ENCONTRADO,2024-01-27,2024,MIÉRCOLES
GUAYAS,"-2,1312605","-79,9931888",16,MUJER,CAUSAS PERSONALES,CIRCUNSTANCIAL,2024-01-24,ENCONTRADO,2024-01-26,2024,MIÉRCOLES
GUAYAS,"-2,094471","-79,9189437",55,HOMBRE,CAUSAS SOCIALES,ROBO(ESCOPOLAMINA U OTRA DROGA ALUCINÓGENA ALTAMENTE TÓXICA),2024-01-25,ENCONTRADO,2024-01-27,2024,JUEVES
GUAYAS,"-2,1265443","-79,9557113",15,MUJER,CAUSAS PERSONALES,CIRCUNSTANCIAL,2024-01-26,ENCONTRADO,2024-01-27,2024,VIERNES
GUAYAS,"-2,1265443","-79,9557113",13,MUJER,CAUSAS PERSONALES,CIRCUNSTANCIAL,2024-01-26,ENCONTRADO,2024-01-27,2024,VIERNES
GUAYAS,"-2,200807789","-79,88907758",48,HOMBRE,CAUSAS PERSONALES,CIRCUNSTANCIAL,2024-01-25,ENCONTRADO,2024-01-27,2024,JUEVES
GUAYAS,"-2,168974","-79,8397207",13,MUJER,CAUSAS PERSONALES,CIRCUNSTANCIAL,2024-01-21,ENCONTRADO,2024-01-27,2024,DOMINGO
GUAYAS,"-2,1431673","-79,8794521",23,HOMBRE,CAUSAS SOCIALES,ROBO(ESCOPOLAMINA U OTRA DROGA ALUCINÓGENA ALTAMENTE TÓXICA),2024-01-26,ENCONTRADO,2024-01-28,2024,VIERNES
GUAYAS,"-2,185196628","-79,88127786",29,HOMBRE,FALLECIDO,ASESINATO,2024-01-27,FALLECIDO,2024-01-29,2024,SÁBADO
GUAYAS,"-2,1225293","-80,000135",13,HOMBRE,CAUSAS PERSONALES,CIRCUNSTANCIAL,2024-01-27,ENCONTRADO,2024-01-29,2024,SÁBADO
GUAYAS,"-2,119491534","-79,9490118",30,HOMBRE,CAUSAS SOCIALES,ROBO(ESCOPOLAMINA U OTRA DROGA ALUCINÓGENA ALTAMENTE TÓXICA),2024-01-27,ENCONTRADO,2024-02-07,2024,SÁBADO
GUAYAS,"-2,1347306","-79,901155",11,HOMBRE,CAUSAS PERSONALES,CIRCUNSTANCIAL,2024-01-27,ENCONTRADO,2024-02-10,2024,SÁBADO
GUAYAS,"-2,13277703","-79,90959836",30,HOMBRE,CAUSAS PERSONALES,CIRCUNSTANCIAL,2024-01-25,ENCONTRADO,2024-02-07,2024,JUEVES
GUAYAS,"-2,0391526","-79,9384083",21,HOMBRE,CAUSAS FAMILIARES,NO RELACIONADOS A VIOLENCIA,2024-01-27,ENCONTRADO,2024-02-13,2024,SÁBADO
GUAYAS,"-2,101496","-79,9898073",27,HOMBRE,EXTRAVIADO - DISCAPACIDAD / ENFERMEDADES / TRASTORNOS,DISCAPACIDAD INTELECTUAL,2024-01-22,ENCONTRADO,2024-01-29,2024,LUNES
GUAYAS,"-2,166731124","-79,83700835",64,HOMBRE,CAUSAS PERSONALES,CIRCUNSTANCIAL,2024-01-27,ENCONTRADO,2024-01-31,2024,SÁBADO
GUAYAS,"-2,1765929","-79,8871469",35,HOMBRE,CAUSAS PERSONALES,CIRCUNSTANCIAL,2024-01-28,ENCONTRADO,2024-02-09,2024,DOMINGO
GUAYAS,"-2,267187422","-79,90572002",22,HOMBRE,CAUSAS PERSONALES,CIRCUNSTANCIAL,2024-01-28,ENCONTRADO,2024-02-07,2024,DOMINGO
GUAYAS,"-2,182002474","-79,90420501",46,MUJER,CAUSAS PERSONALES,CIRCUNSTANCIAL,2024-01-31,ENCONTRADO,2024-02-03,2024,MIÉRCOLES
GUAYAS,"-2,207337","-79,9063189",14,MUJER,CAUSAS PERSONALES,CIRCUNSTANCIAL,2024-01-26,ENCONTRADO,2024-02-04,2024,VIERNES
GUAYAS,"-2,1894128","-79,8890662",15,MUJER,CAUSAS PERSONALES,CIRCUNSTANCIAL,2024-01-29,ENCONTRADO,2024-02-01,2024,LUNES
GUAYAS,"-2,15559646","-79,92212013",11,MUJER,CAUSAS PERSONALES,CIRCUNSTANCIAL,2024-01-29,ENCONTRADO,2024-02-03,2024,LUNES
GUAYAS,"-2,0755495","-79,9256079",13,MUJER,CAUSAS PERSONALES,CIRCUNSTANCIAL,2024-01-22,ENCONTRADO,2024-02-03,2024,LUNES
GUAYAS,"-2,2402791","-79,9220686",25,MUJER,CAUSAS SOCIALES,DROGADICCIÓN,2024-01-05,ENCONTRADO,2024-02-06,2024,VIERNES
GUAYAS,"-2,221876","-79,8898816",16,HOMBRE,CAUSAS PERSONALES,CIRCUNSTANCIAL,2024-01-06,ENCONTRADO,2024-02-05,2024,SÁBADO
GUAYAS,"-2,206083126","-79,9312367",23,HOMBRE,FALLECIDO,ASESINATO,2024-01-29,FALLECIDO,2024-01-31,2024,LUNES
